qid,ticker,exchange,article,symbol
Q1418,NOK,NYSE,Nokia,
Q128738,BUD,NYSE,AB_InBev,BUD
Q128896,AMD,NYSE,AMD,AMD
Q127074,ALB,NYSE,Albemarle_Corporation,ALB
Q127962,LEVI,NYSE,Levi_Strauss_&_Co.,
Q13683,NYX,NYSE,NYSE_Euronext,
Q1264404,DUK,NYSE,Duke_Energy,DUK
Q1265181,DNB,NYSE,Dun_&_Bradstreet,DNB
Q1269170,DYN,NYSE,Dynegy,DYN
Q1275577,EOG,NYSE,EOG_Resources,EOG
Q1282031,ECL,NYSE,Ecolab,ECL
Q1282130,EC,NYSE,Ecopetrol,
Q1260606,EL,NYSE,Estée_Lauder_Companies,EL
Q1624295,MLKN,NYSE,"Knoll,_Inc.",
Q1624295,KNL,NYSE,"Knoll,_Inc.",
Q1627894,GWW,NYSE,W._W._Grainger,GWW
Q1630431,HCA,NYSE,HCA_Healthcare,HCA
Q165684,RCI,NYSE,Rogers_Communications,
Q165858,TU,NYSE,Telus_Communications,
Q166621,MFG,NYSE,Mizuho_Financial_Group,
Q1322011,WAT,NYSE,Waters_Corporation,WAT
Q1325987,TSN,NYSE,Tyson_Foods,TSN
Q1328736,GFIG,NYSE,GFI_Group,
Q1329463,ZQK,NYSE,Quiksilver,
Q1335585,EMR,NYSE,Emerson_Electric,EMR
Q1339966,ENB,NYSE,Enbridge,
Q1254149,DPS,NYSE,Dr_Pepper_Snapple_Group,DPS
Q135281,ALEX,NYSE,Alexander_&_Baldwin,
Q135325,AA,NYSE,Alcoa,AA
Q143435,UNM,NYSE,Unum,UNM
Q1283291,VLO,NYSE,Valero_Energy,VLO
Q1295105,NMR,NYSE,Nomura_Holdings,
Q1295969,TLP,NYSE,TransMontaigne,
Q1318049,WPP,NYSE,WPP_plc,
Q1321054,NSC,NYSE,Norfolk_Southern_Railway,NSC
Q1285819,TJX,NYSE,TJX,TJX
Q1111020,DBRG,NYSE,DigitalBridge,
Q11407,VMW,NYSE,VMware,
Q1114148,CMA,NYSE,Comerica,CMA
Q1117943,TRW,NYSE,TRW_Automotive,
Q1121202,CIG,NYSE,CEMIG,
Q119991,APA,NYSE,APA_Corporation,APA
Q1341590,ERF,NYSE,Enerplus,
Q1341588,ENS,NYSE,EnerSys,
Q1344587,ETR,NYSE,Entergy,ETR
Q1348664,ROK,NYSE,Rockwell_International,ROK
Q1359568,BABA,NYSE,Alibaba_Group,
Q1345971,GCI,NYSE,USA_Today_Co.,
Q1128160,STZ,NYSE,Constellation_Brands,STZ
Q1121216,CPL,NYSE,CPFL_Energia,
Q1122329,CSC,NYSE,Computer_Sciences_Corporation,CSC
Q1123366,CNW,NYSE,Con-way,
Q1123399,CAG,NYSE,Conagra_Brands,CAG
Q1123957,VCO,NYSE,Concha_y_Toro,
Q1127536,ED,NYSE,Consolidated_Edison,ED
Q1129117,TUP,NYSE,Tupperware,
Q1361648,ATI,NYSE,Allegheny_Technologies,ATI
Q1364494,MHS,NYSE,Medco_Health_Solutions,
Q1364176,WIT,NYSE,Wipro,
Q1368919,MBT,NYSE,MTS_(telecommunications),
Q1129426,CVG,NYSE,Convergys,CVG
Q1129792,COO,NYSE,The_Cooper_Companies,COO
Q1129847,CTB,NYSE,Cooper_Tire_&_Rubber_Company,
Q1130970,ELP,NYSE,Copel,
Q1131835,ZZ,NYSE,Sealy_Corporation,
Q1132272,PVH,NYSE,PVH_Corp.,PVH
Q1134069,OTIS,NYSE,Otis_Worldwide,OTIS
Q143616,UMC,NYSE,United_Microelectronics_Corporation,
Q144617,TI,NYSE,TIM_Group,
Q145168,DG,NYSE,Dollar_General,DG
Q147224,HRG,NYSE,HRG_Group,
Q151135,YOKU,NYSE,Youku,
Q151670,Y,NYSE,Alleghany_Corporation,
Q152057,BP,NYSE,BP,
Q152433,XRX,NYSE,Xerox,XRX
Q152695,AS,NYSE,Amer_Sports,
Q153417,KR,NYSE,Kroger,KR
Q154037,TTE,NYSE,TotalEnergies,
Q154950,RDS.A,NYSE,Shell_plc,
Q154950,SHEL,NYSE,Shell_plc,
Q154950,RDS.B,NYSE,Shell_plc,
Q155026,UPS,NYSE,United_Parcel_Service,UPS
Q156238,XOM,NYSE,ExxonMobil,XOM
Q156644,RTN,NYSE,Raytheon,RTN
Q1369955,WRB,NYSE,W._R._Berkley_Corporation,WRB
Q1371852,MBI,NYSE,MBIA,MBI
Q1373493,LOW,NYSE,Lowe's,LOW
Q1374135,PUK,NYSE,Prudential_plc,
Q1381973,EG,NYSE,Everest_Group,EG
Q1381973,RE,NYSE,Everest_Group,RE
Q1383669,EXC,NYSE,Exelon,EXC
Q1384784,EXPR,NYSE,"Express,_Inc.",
Q157062,UL,NYSE,Unilever,
Q1390577,TWTR,NYSE,"Twitter,_Inc.",TWTR
Q1392999,FICO,NYSE,FICO,FICO
Q1400073,FSS,NYSE,Federal_Signal_Corporation,
Q1407601,ASR,NYSE,Grupo_Aeroportuario_del_Sureste,
Q1410137,HLI,NYSE,Houlihan_Lokey,
Q1410766,FBR,NYSE,Fibria,
Q1411295,FIS,NYSE,FIS_(company),FIS
Q1415501,LXK,NYSE,Lexmark,LXK
Q158205,SNY,NYSE,Sanofi,
Q159433,MMM,NYSE,3M,MMM
Q1416215,GDDY,NYSE,GoDaddy,GDDY
Q1419446,FHN,NYSE,First_Horizon_Corporation,FHN
Q1419248,FE,NYSE,FirstEnergy,FE
Q1420513,FI,NYSE,Fiserv,
Q1423218,SUN,NYSE,Sunoco,SUN
Q1424293,ITUB,NYSE,Itaú_Unibanco,
Q1652574,MFC,NYSE,Manulife,
Q1630559,HST,NYSE,Host_Hotels_&_Resorts,HST
Q1631922,SNA,NYSE,Snap-on,SNA
Q1632461,VE,NYSE,Veolia,
Q1641437,RL,NYSE,Ralph_Lauren_Corporation,RL
Q1645081,NUE,NYSE,Nucor,NUE
Q1135278,CXW,NYSE,CoreCivic,
Q1136433,CMRE,NYSE,Costamare,
Q1138073,CVH,NYSE,Coventry_Health_Care,
Q1138291,CW,NYSE,Curtiss-Wright,
Q1141267,TRI,NYSE,Thomson_Reuters,
Q1435628,FMX,NYSE,FEMSA,
Q1453620,FCX,NYSE,Freeport-McMoRan,FCX
Q160229,TEF,NYSE,Telefónica,
Q161140,DEO,NYSE,Diageo,
Q1144929,LG,NYSE,Lafarge_(company),
Q1144929,LR,NYSE,Lafarge_(company),
Q1146061,CWK,NYSE,Cushman_&_Wakefield,
Q1152764,LYG,NYSE,Lloyds_Banking_Group,
Q1156045,PSA,NYSE,Public_Storage,PSA
Q1159256,DHR,NYSE,Danaher_Corporation,DHR
Q1653258,IBN,NYSE,ICICI_Bank,
Q1654103,IMAX,NYSE,IMAX_Corporation,
Q1655409,IAG,NYSE,Iamgold,
Q1656230,PSX,NYSE,Phillips_66,PSX
Q1660027,MNI,NYSE,McClatchy,
Q1164386,FTI,NYSE,FMC_Technologies,FTI
Q1181953,DECK,NYSE,Deckers_Brands,DECK
Q1190598,SAVE,NYSE,Spirit_Airlines,
Q1192654,CODE,NYSE,Spansion,
Q1192805,KKD,NYSE,Krispy_Kreme,
Q1001788,BVN,NYSE,Compañía_de_Minas_Buenaventura,
Q1002992,BBW,NYSE,Build-A-Bear_Workshop,
Q1007000,G,NYSE,Genpact,
Q1009458,BG,NYSE,Bunge_Global,BG
Q105557,ERJ,NYSE,Embraer,
Q1454852,HRL,NYSE,Hormel_Foods,HRL
Q1459595,REV,NYSE,Revlon,
Q1465461,NGG,NYSE,National_Grid_plc,
Q1470525,HSP,NYSE,Hospira,HSP
Q1668265,USFD,NYSE,US_Foods,
Q16247191,CVNA,NYSE,Carvana,CVNA
Q16249409,EXP,NYSE,Eagle_Materials,
Q16510256,CCSC,NYSE,Country_Style_Cooking,
Q16531742,VVV,NYSE,Valvoline,
Q1666568,IFF,NYSE,International_Flavors_&_Fragrances,IFF
Q1666600,IGT,NYSE,International_Game_Technology_(1975–2015),IGT
Q1673079,IRM,NYSE,Iron_Mountain_(company),IRM
Q16733729,KOS,NYSE,Kosmos_Energy,
Q1683034,JHG,NYSE,Janus_Capital_Group,
Q1685287,VMC,NYSE,Vulcan_Materials_Company,VMC
Q1194832,TD,NYSE,Toronto-Dominion_Bank,
Q1196431,P,NYSE,Pandora_(service),
Q1200840,ENR,NYSE,Energizer,
Q1206686,DDR,NYSE,SITE_Centers,
Q1206980,DVN,NYSE,Devon_Energy,DVN
Q1470619,PH,NYSE,Parker_Hannifin,PH
Q1471346,WHR,NYSE,Whirlpool_Corporation,WHR
Q1472539,MAN,NYSE,ManpowerGroup,
Q1477156,SDRL,NYSE,Seadrill,
Q1479654,WLYB,NYSE,Wiley_(publisher),
Q1479654,WLY,NYSE,Wiley_(publisher),
Q1022711,CACI,NYSE,CACI,
Q1023013,CBRE,NYSE,CBRE_Group,CBRE
Q1024454,CSX,NYSE,CSX_Corporation,CSX
Q1027181,ELY,NYSE,Callaway_Golf_Company,
Q1027181,MODG,NYSE,Callaway_Golf_Company,
Q1028449,CCJ,NYSE,Cameco,
Q1485061,GE,NYSE,GE_Aerospace,GE
Q1486956,XEL,NYSE,Xcel_Energy,XEL
Q1501630,IPG,NYSE,The_Interpublic_Group_of_Companies,IPG
Q1030544,CPB,NYSE,Campbell's,CPB
Q1030096,ORB,NYSE,Orbital_Sciences_Corporation,
Q1032229,CNQ,NYSE,Canadian_Natural_Resources,
Q1032244,SU,NYSE,Canadian_Oil_Sands,
Q1034654,COF,NYSE,Capital_One,COF
Q110778747,XYZ,NYSE,"Block,_Inc.",XYZ
Q110778747,SQ,NYSE,"Block,_Inc.",
Q11301445,CABO,NYSE,Cable_One,
Q11306218,SCI,NYSE,Service_Corporation_International,
Q11991273,NMAX,NYSE,Newsmax_Media,
Q1220078,DBD,NYSE,Diebold_Nixdorf,
Q1224697,DGI,NYSE,DigitalGlobe,
Q1230295,GWR,NYSE,Genesee_&_Wyoming,
Q1232862,EGO,NYSE,Eldorado_Gold,
Q1235669,DTG,NYSE,Dollar_Thrifty_Automotive_Group,
Q1238739,UFS,NYSE,Domtar,
Q12063032,DRD,NYSE,Drdgold,
Q1502712,GNW,NYSE,Genworth_Financial,GNW
Q1502794,GEO,NYSE,GEO_Group,
Q1503753,VEDL,NYSE,Vedanta_Resources,
Q1506045,LVS,NYSE,Las_Vegas_Sands,LVS
Q1507228,HMY,NYSE,Harmony_Gold_(mining),
Q1507642,HNP,NYSE,Huaneng_Power_International,
Q1508234,SWY,NYSE,Safeway,SWY
Q1508526,RGR,NYSE,"Sturm,_Ruger_&_Co.",
Q1045758,UTX,NYSE,United_Technologies,
Q1046951,TGT,NYSE,Target_Corporation,TGT
Q1049080,JNPR,NYSE,Juniper_Networks,JNPR
Q1044059,CCL,NYSE,Carnival_Corporation,CCL
Q1053348,CX,NYSE,Cemex,
Q1053348,LR,NYSE,Cemex,
Q1053422,CVE,NYSE,Cenovus_Energy,
Q1053560,CNP,NYSE,CenterPoint_Energy,CNP
Q1053299,CRH,NYSE,CRH_plc,CRH
Q12521253,HHH,NYSE,Howard_Hughes_Holdings,
Q12620655,CPNG,NYSE,Coupang,
Q12859164,NFG,NYSE,National_Fuel_Gas,
Q13218598,RBS,NYSE,NatWest_Group,
Q1431486,ORAN,NYSE,Orange_Group,
Q1435010,LXFT,NYSE,Luxoft,
Q140676,REDF,NASDAQ,Rediff.com,
Q144060,CRAY,NASDAQ,Cray,
Q1541470,CBD,NYSE,GPA_(company),
Q1542175,MTU,NYSE,MUFG,
Q1544312,TEO,NYSE,Telecom_Argentina,
Q1545542,OMG,NYSE,OM_Group,
Q1546793,OEX,NYSE,S&P_100,
Q1549511,ORA,NYSE,Ormat_Technologies,
Q1570773,KKR,NYSE,KKR_&_Co.,KKR
Q104845916,CWT,NYSE,California_Water_Service_Group,
Q105038141,TPH,NYSE,Tri_Pointe_Homes,
Q105563992,MP,NYSE,MP_Materials,
Q105580834,ADX,NYSE,Adams_Funds,
Q105760370,AGI,NYSE,Alamos_Gold,
Q105985613,KLR,NYSE,Kaleyra,
Q106238038,WAL,NYSE,Western_Alliance_Bancorporation,
Q106432676,RDW,NYSE,Redwire,
Q106581385,KD,NYSE,Kyndryl,
Q106631196,KVYO,NYSE,Klaviyo,
Q106900660,NETI,NYSE,Eneti_(company),
Q107183498,WBX,NYSE,Wallbox,
Q108770716,IOT,NYSE,Samsara_(company),
Q109307156,VLTA,NYSE,Volta_Charging,
Q109369035,ACHR,NYSE,Archer_Aviation,
Q109539474,SNX,NYSE,TD_Synnex,
Q110443096,REZI,NYSE,Resideo,
Q110706493,OKLO,NYSE,Oklo_Inc.,
Q110723009,EVEX,NYSE,Eve_Air_Mobility,
Q110761625,LVWR,NYSE,LiveWire_(company),
Q105887484,RKT,NYSE,Rocket_Companies,
Q105886736,BEKE,NYSE,Beike,
Q16983204,AMWL,NYSE,Amwell_(company),
Q16980616,NSP,NYSE,Insperity,
Q16980647,IOC),NYSE,InterOil,
Q16980871,KAI,NYSE,Kadant,
Q16980898,KSU,NYSE,Kansas_City_Southern_(company),KSU
Q16980911,KCG,NYSE,KCG_Holdings,
Q16981175,LEN,NYSE,Lennar,LEN
Q16981897,MCY,NYSE,Mercury_General,
Q16982326,MWA,NYSE,Mueller_Water_Products,
Q16983192,OGS,NYSE,One_Gas,
Q16983334,PKG,NYSE,Packaging_Corporation_of_America,PKG
Q16983368,PKE,NYSE,Park_Aerospace_Corp,
Q16983765,PLD,NYSE,Prologis,PLD
Q16983837,KWR,NYSE,Quaker_Houghton,
Q16984071,RNR,NYSE,RenaissanceRe,
Q16984125,RIOM,NYSE,Rio_Alto_Mining,
Q16984188,ROG,NYSE,Rogers_Corporation,
Q16984522,SEM,NYSE,Select_Medical,
Q16984598,SI,NYSE,Siemens_Mexico,
Q16984687,SM,NYSE,SM_Energy,
Q16985220,SWFT,NYSE,Swift_Transportation,
Q16985313,TCP,NYSE,TC_PipeLines,
Q16981100,LPI,NYSE,Vital_Energy,
Q16981100,VTLE,NYSE,Vital_Energy,
Q16982478,NCS,NYSE,Cornerstone_Building_Brands,
Q1280748,SATS,NASDAQ,EchoStar,SATS
Q1287771,CSTE,NASDAQ,Caesarstone,
Q1318049,WPP,NASDAQ,WPP_plc,
Q1318848,INTU,NASDAQ,Intuit,INTU
Q154387,IRDM,NASDAQ,Iridium_Communications,
Q1577587,MRO,NYSE,Marathon_Oil,MRO
Q1579222,UGP,NYSE,Ultrapar,
Q1586955,HSC,NYSE,Enviri,
Q1591889,WAG,NYSE,Walgreens,
Q1612593,JELD,NYSE,Jeld-Wen,
Q1615684,HES,NYSE,Hess_Corporation,HES
Q1319601,ALGT,NASDAQ,Allegiant_Air,
Q1319505,NATH,NASDAQ,Nathan's_Famous,
Q1325369,ESLT,NASDAQ,Elbit_Systems,
Q1327874,RNWK,NASDAQ,RealNetworks,
Q1329524,RUT,NASDAQ,Russell_2000_Index,
Q124795355,SOLV,NYSE,Solventum,SOLV
Q125352505,RAMP,NYSE,LiveRamp,
Q128050179,AEVA,NYSE,Aeva,
Q131308915,ALTM,NYSE,Arcadium_Lithium,
Q133806332,FBC,NYSE,Flagstar_Bancorp,
Q13529408,BIP,NYSE,Brookfield_Infrastructure_Partners,
Q13583352,AYR,NYSE,Aircastle,
Q13631921,EDU,NYSE,New_Oriental,
Q13636126,HGV,NYSE,Hilton_Grand_Vacations,
Q13715273,ATC,NYSE,Atotech,
Q130331887,NTCO,NYSE,Natura_&Co,
Q127278673,LNKD,NYSE,LinkedIn_Corporation,
Q1337797,ODP,NASDAQ,Office_Depot,ODP
Q1342041,LRCX,NASDAQ,Lam_Research,LRCX
Q1347782,MRVL,NASDAQ,Marvell_Technology,MRVL
Q1353939,ETSY,NASDAQ,Etsy,ETSY
Q1054787,NTT,NYSE,Nippon_Telegraph_and_Telephone,
Q1056637,HSY,NYSE,The_Hershey_Company,HSY
Q1057464,HLT,NYSE,Hilton_Worldwide,HLT
Q1058722,SHAK,NYSE,Shake_Shack,
Q110877094,UWMC,NYSE,United_Wholesale_Mortgage,
Q111411592,ASAN,NYSE,"Asana,_Inc.",
Q111948614,ETRN,NYSE,Equitrans_Midstream,
Q112860932,HLN,NYSE,Haleon,
Q113459125,HKD,NYSE,AMTD_Digital,
Q114795591,OWL,NYSE,Blue_Owl_Capital,
Q115056594,CNS,NYSE,Cohen_&_Steers,
Q115803672,CRBG,NYSE,Corebridge_Financial,
Q116550003,GXO,NYSE,GXO_Logistics,
Q118327775,BRDG,NYSE,Bridge_Investment_Group,
Q118905792,KVUE,NYSE,Kenvue,KVUE
Q118957699,GEV,NYSE,GE_Vernova,GEV
Q120435068,TKO,NYSE,TKO_Group_Holdings,TKO
Q120467527,RVTY,NYSE,Revvity,RVTY
Q121001340,NOAH,NYSE,Noah_Holdings,
Q123112141,KLG,NYSE,WK_Kellogg_Co,
Q124040368,CTRM,NYSE,Castor_Maritime,
Q124054377,RITM,NYSE,Rithm_Capital,
Q124528304,PERF,NYSE,Perfect_Corp,
Q124721239,VLTO,NYSE,Veralto,VLTO
Q1061903,LYV,NYSE,Live_Nation_Entertainment,LYV
Q1066028,SCHW,NYSE,Charles_Schwab_Corporation,SCHW
Q1066858,TIF,NYSE,Tiffany_&_Co.,TIF
Q1068485,CHU,NYSE,China_Unicom,
Q16738121,ALLE,NYSE,Allegion,ALLE
Q16828730,NLY,NYSE,Annaly_Capital_Management,
Q16836218,AXS,NYSE,AXIS_Capital,
Q16829606,XEC,NYSE,Cimarex_Energy,XEC
Q16838618,CPAY,NYSE,Corpay,CPAY
Q16838618,FLT,NYSE,Corpay,FLT
Q16840288,GFF,NYSE,Griffon_Corporation,
Q16874768,GRP,NYSE,Grant_Prideco,
Q16885315,MLI,NYSE,Mueller_Industries,
Q16932392,ROP,NYSE,Roper_Technologies,ROP
Q16956136,CATO,NYSE,Cato_Corporation,
Q16953039,MC,NYSE,Moelis_&_Company,
Q16967103,CSLT,NYSE,Castlight_Health,
Q16957733,CYD,NYSE,China_Yuchai_International,
Q16957733,CYD,NYSE,China_Yuchai_International,
Q16958713,CLC,NYSE,Clarcor,
Q16959310,CST,NYSE,CST_Brands,
Q16966841,EW,NYSE,Edwards_Lifesciences,EW
Q16958140,NKA,NYSE,Niska_Gas_Storage_Partners,
Q16958009,THS,NYSE,TreeHouse_Foods,
Q16968498,ZYME,NYSE,Zymeworks,
Q16974884,AWR,NYSE,American_States_Water,
Q16973267,DQ,NYSE,Daqo_New_Energy,
Q16974527,DOV,NYSE,Dover_Corporation,DOV
Q16974697,EXTN,NYSE,Exterran_Corporation,
Q16975278,GDOT,NYSE,Green_Dot_Corporation,
Q16975567,PEAK,NYSE,Healthpeak_Properties,
Q16975567,DOC,NYSE,Healthpeak_Properties,DOC
Q16979157,PBF,NYSE,PBF_Energy,
Q16980281,HAE,NYSE,Haemonetics,
Q16980395,HOS,NYSE,Hornbeck_Offshore_Services,
Q16980428,HOV,NYSE,Hovnanian_Enterprises,
Q16975645,HT,NYSE,Hersha_Hotels_and_Resorts,
Q1509038,TEN,NYSE,Tenneco,
Q1510378,ITW,NYSE,Illinois_Tool_Works,ITW
Q1511043,GGB,NYSE,Gerdau,
Q1516108,TRP,NYSE,TC_Energy,
Q1516410,SU,NYSE,Suncor_Energy,
Q1515039,EDR,NYSE,WME_Group,
Q1075788,CHH,NYSE,Choice_Hotels,
Q1073306,LFC,NYSE,China_Life_Insurance_Company,
Q1073540,CHA,NYSE,China_Telecommunications_Corporation,
Q1074666,CQB,NYSE,Chiquita,
Q1425063,H,NYSE,Hyatt,
Q1424962,IHG,NYSE,IHG_Hotels_&_Resorts,
Q1430331,FLS,NYSE,Flowserve,FLS
Q1425316,SLB,NYSE,SLB,SLB
Q1516849,SJR,NYSE,Shaw_Communications,
Q1519267,OMC,NYSE,Omnicom_Group,OMC
Q1520122,GETY,NYSE,Getty_Images,
Q1524197,GIL,NYSE,Gildan,
Q1529234,ROK,NYSE,Rockwell_Automation,ROK
Q1534597,GFI,NYSE,Gold_Fields,
Q1536176,SW,NYSE,Smurfit_Westrock,SW
Q128896,AMD,NASDAQ,AMD,AMD
Q14772,BIDU,NASDAQ,Baidu,
Q100321332,UNC,NYSE,United_Nuclear_Corporation,
Q101209811,POOL,NYSE,Pool_Corporation,POOL
Q101209850,VNT,NYSE,Vontier,VNT
Q104158381,VST,NYSE,Vistra_Corp.,VST
Q104664954,DK,NYSE,Delek_US,
Q104842834,AVTR,NYSE,Avantor,
Q104844406,S,NYSE,SentinelOne,S
Q10876705,ZTO,NYSE,ZTO_Express,
Q1091783,CIEN,NYSE,Ciena,CIEN
Q1094313,BSAC,NYSE,Banco_Santander_Chile,
Q1104787,COTY,NYSE,Coty,COTY
Q11074156,OKE,NYSE,Oneok,OKE
Q1089060,CB,NYSE,Chubb_Limited,CB
Q10397787,AAN,NYSE,Aaron's,
Q53308751,GH,NASDAQ,Guardant_Health,
Q53308720,ROIV,NASDAQ,Roivant_Sciences,
Q54621346,BVXV,NASDAQ,BiondVax,
Q54621387,NTLA,NASDAQ,Intellia_Therapeutics,
Q54622171,MCBS,NASDAQ,Metro_City_Bank,
Q54622058,TCBI,NASDAQ,Texas_Capital_Bank,
Q62621,CAJ,NYSE,Canon_Inc.,
Q202972,IP,NYSE,International_Paper,IP
Q203386,ZIM,NYSE,ZIM_(shipping_company),
Q203552,ZBH,NYSE,Zimmer_Biomet,ZBH
Q206678,OTE,NYSE,OTE,
Q127690442,FFBC,NASDAQ,First_Financial_Bancorp,
Q127708419,DZSI,NASDAQ,DZS,
Q130244078,CSSE,NASDAQ,Chicken_Soup_for_the_Soul_Entertainment,
Q131870561,INTR,NASDAQ,Inter&Co,
Q133806332,FBC,NASDAQ,Flagstar_Bancorp,
Q15109916,OTT,NASDAQ,GoNetSpeed,
Q15109916,OTEL,NASDAQ,GoNetSpeed,
Q15109907,MDVN,NASDAQ,Medivation,
Q15109909,MSPD,NASDAQ,Mindspeed_Technologies,
Q15109910,FIZZ,NASDAQ,National_Beverage,
Q15109912,NAII,NASDAQ,Natural_Alternatives_International,
Q15109913,NLST,NASDAQ,"Netlist,_Inc.",
Q15109914,NBBC,NASDAQ,NewBridge_Bank,
Q15109925,TSCO,NASDAQ,Tractor_Supply_Company,TSCO
Q15109932,WILN,NASDAQ,WiLAN,
Q15211487,CALD,NASDAQ,CallidusCloud,
Q15272375,SALE,NASDAQ,RetailMeNot,
Q125028873,ALAB,NASDAQ,Astera_Labs,
Q5625470,GYRO,NASDAQ,Gyrodyne_Company_of_America,
Q5629392,HDS,NASDAQ,HD_Supply,
Q5639346,HAIN,NASDAQ,Hain_Celestial_Group,
Q5645976,HBNK,NASDAQ,Hampden_Bank,
Q5647025,HBHC,NASDAQ,Hancock_Whitney,
Q5647025,HWC,NASDAQ,Hancock_Whitney,
Q5648633,HAFC,NASDAQ,Hanmi_Bank,
Q5651043,HNSN,NASDAQ,Hansen_Medical,
Q5656147,HDNG,NASDAQ,"Hardinge,_Inc.",
Q5684575,HCOM,NASDAQ,Hawaiian_Telcom,
Q5703474,HELE,NASDAQ,Helen_of_Troy_Limited,
Q5739298,HRLY,NASDAQ,Herley_Industries,
Q5750671,HIBB,NASDAQ,Hibbett_Sports,
Q5765159,HIMX,NASDAQ,Himax,
Q5884072,HOLX,NASDAQ,Hologic,HOLX
Q5886408,GRDCY,NASDAQ,Grupo_Radio_Centro,
Q5887924,AWAY,NASDAQ,HomeAway,
Q5888363,HFFC,NASDAQ,Home_Federal_Bank,
Q5905787,ZINC,NASDAQ,Horsehead_Corporation,
Q5906990,HDP,NASDAQ,Hortonworks,
Q5923178,ITRI,NASDAQ,Itron,
Q5950709,HTCH,NASDAQ,Hutchinson_Technology,
Q5960624,HSFT,NASDAQ,HiSoft,
Q5968216,ITWO,NASDAQ,I2_Technologies,
Q5969568,ACTA,NASDAQ,Actua_Corporation,
Q5968481,IAWK,NASDAQ,IAsiaWorks,
Q5968523,IBKC,NASDAQ,IberiaBank,
Q5969562,ICFI,NASDAQ,ICF_International,
Q5969799,ICUI,NASDAQ,ICU_Medical,
Q1816028,NBG,NYSE,National_Bank_of_Greece,
Q1817417,NOV,NYSE,NOV_Inc.,NOV
Q1825763,LNC,NYSE,Lincoln_National_Corporation,LNC
Q1850587,PII,NYSE,Polaris_Inc.,
Q1852556,PM,NYSE,Philip_Morris_International,PM
Q5476713,FOX,NASDAQ,21st_Century_Fox,FOX
Q5476713,TFCF,NASDAQ,21st_Century_Fox,
Q5476713,FOXA,NASDAQ,21st_Century_Fox,FOXA
Q600624,CA,NASDAQ,Computer_Associates,CA
Q5324516,ETOR,NASDAQ,EToro,
Q5289622,DLPN,NASDAQ,Dolphin_Entertainment,
Q5291323,DOMO,NASDAQ,"Domo,_Inc.",
Q5309468,DRYS,NASDAQ,DryShips,
Q5318916,BOOM,NASDAQ,Dynamic_Materials_Corporation,
Q5319050,DRCO,NASDAQ,Dynamics_Research_Corporation,
Q5324991,EGBN,NASDAQ,EagleBank,
Q5323107,EHTH,NASDAQ,EHealthInsurance,
Q5323340,LONG,NASDAQ,ELong,
Q5324511,ETEL,NASDAQ,ETelecare,
Q5324689,EXLS,NASDAQ,EXL_Service,
Q5324767,EZCH,NASDAQ,EZchip_Semiconductor,
Q5324749,EZPW,NASDAQ,EZCorp,
Q5329659,EWBC,NASDAQ,East_West_Bancorp,
Q5330003,EBC,NASDAQ,Eastern_Bank,
Q5333046,ECLP,NASDAQ,Eclipsys,
Q5340903,EDMC,NASDAQ,Education_Management_Corporation,
Q5340849,ARCL,NASDAQ,EducationCity_(software_company),
Q5353752,EMITF,NASDAQ,Elbit_Imaging,
Q5357940,ESIO,NASDAQ,Electro_Scientific_Industries,
Q5358494,EFII,NASDAQ,Electronics_for_Imaging,
Q5307031,ASNA,NASDAQ,KnitWell_Group,
Q12857502,MDLZ,NASDAQ,Mondelez_International,MDLZ
Q13403399,KNBWY,NASDAQ,Kirin_Company,
Q13522860,HLCS,NASDAQ,Helicos_Biosciences,
Q13529431,MEOH,NASDAQ,Methanex,
Q13529450,ONCY,NASDAQ,Oncolytics_Biotech,
Q13529476,SWIR,NASDAQ,Sierra_Wireless,
Q13576574,ITRN,NASDAQ,Ituran,
Q14289857,NWS,NASDAQ,News_Corp,NWS
Q17078981,TAST,NASDAQ,Carrols_Restaurant_Group,
Q17079580,SQI,NASDAQ,Jaggaer,
Q17080510,MATR,NASDAQ,Mattersight_Corporation,
Q17081612,MRNA,NASDAQ,Moderna,MRNA
Q17084327,OVTI,NASDAQ,OmniVision_Technologies,
Q17078090,RGEN,NASDAQ,Repligen,
Q17080741,SLGN,NASDAQ,Silgan_Holdings,
Q17080768,SGI,NASDAQ,Silicon_Graphics_International,
Q17082992,SPSC,NASDAQ,SPS_Commerce,
Q17086972,HURN,NASDAQ,Huron_Consulting_Group,
Q17091062,VSCI,NASDAQ,Laborie_(company),
Q17092519,PRAH,NASDAQ,PRA_Health_Sciences,
Q17088705,SBSA,NASDAQ,Spanish_Broadcasting_System,
Q17086475,ULBI,NASDAQ,Ultralife_Corporation,
Q17091125,VLTC,NASDAQ,Voltari,
Q17086854,URRE,NASDAQ,Westwater_Resources,
Q17087372,WLDN,NASDAQ,Willdan_Group,
Q17103838,MRKT,NASDAQ,Markit,
Q17107938,IMRS,NASDAQ,IMRIS,
Q17107854,MAKO,NASDAQ,MAKO_Surgical_Corp.,
Q17108492,MIDD,NASDAQ,Middleby,
Q5479014,PLNR,NASDAQ,Planar_Systems,
Q5494350,FRED,NASDAQ,Fred's,
Q14289857,NWSA,NASDAQ,News_Corp,NWSA
Q14705393,SSYS,NASDAQ,Solidscape,
Q14914829,DXM,NASDAQ,Thryv,
Q14914829,THRY,NASDAQ,Thryv,
Q15109850,CNXT,NASDAQ,Brooktree,
Q15109887,COHR,NASDAQ,Coherent_Corp.,COHR
Q15109862,BREW,NASDAQ,Craft_Brew_Alliance,
Q15109865,DXCM,NASDAQ,Dexcom,DXCM
Q15109880,HLIT,NASDAQ,Harmonic_Inc.,
Q15109891,IOSP,NASDAQ,Innospec,
Q15109895,IDWK,NASDAQ,International_Display_Works,
Q15109896,ISBC,NASDAQ,Investors_Bank,
Q15109897,MAYS,NASDAQ,J.W._Mays,
Q15109903,LUNA,NASDAQ,Luna_Innovations,
Q15109904,MAG,NASDAQ,Magnetek,
Q15109905,MAXY,NASDAQ,Maxygen,
Q15109906,MZOR,NASDAQ,Mazor_Robotics,
Q15109846,SRPT,NASDAQ,Sarepta_Therapeutics,
Q15109885,IDSY,NASDAQ,Powerfleet,
Q17061030,JMIA,NYSE,Jumia,
Q16988355,CLD,NYSE,Cloud_Peak_Energy,
Q16985465,TGH,NYSE,Textainer_Group_Holdings,
Q16985644,TIE,NYSE,Titanium_Metals_Corporation,
Q16985774,TREX,NYSE,"Trex_Company,_Inc.",
Q16985829,TUP,NYSE,Tupperware_Brands,
Q16986288,MTN,NYSE,Vail_Resorts,
Q16986417,VSR,NYSE,Versar,
Q16986877,WPP,NYSE,Wausau_Paper,
Q16996714,AMRX,NYSE,Amneal_Pharmaceuticals,
Q16994702,HGTY,NYSE,Hagerty_(insurance),
Q16997495,JAX,NYSE,J._Alexander's,
Q17020720,SOFI,NYSE,SoFi,
Q17052116,DOCN,NYSE,DigitalOcean,
Q1872227,LPX,NYSE,Louisiana-Pacific,
Q1885099,TWC,NYSE,Time_Warner_Cable,TWC
Q17108701,MEDP,NASDAQ,Medpace,
Q17112434,SDXC,NASDAQ,LayerOne,
Q17109447,MTSI,NASDAQ,MACOM_Technology_Solutions,
Q1368919,MBT,NASDAQ,MTS_(telecommunications),
Q1384324,EXPD,NASDAQ,Expeditors_International,EXPD
Q1389504,MORN,NASDAQ,"Morningstar,_Inc.",
Q1391599,MERC,NASDAQ,Mercer_(consulting_firm),
Q1413997,QMCO,NASDAQ,Quantum_Corporation,
Q1416215,GDDY,NASDAQ,GoDaddy,GDDY
Q15401349,ZEN,NYSE,Zendesk,
Q14662364,ABBV,NYSE,AbbVie,ABBV
Q14903417,DEG,NYSE,Delhaize_Group,
Q14993631,SAIC,NYSE,Science_Applications_International_Corporation,
Q15138136,MR,NYSE,Mindray,
Q15238661,CNHI,NYSE,CNH_Industrial,
Q15507516,TGI,NYSE,Triumph_Group,
Q15678788,FCAU,NYSE,Fiat_Chrysler_Automobiles,
Q539056,MDCA,NASDAQ,MDC_Partners,
Q52618,ERIC,NASDAQ,Ericsson,
Q538203,PDCO,NASDAQ,Patterson_Companies,PDCO
Q544847,QCOM,NASDAQ,Qualcomm,QCOM
Q170416,PHG,NYSE,Philips,
Q173476,CMI,NYSE,Cummins,CMI
Q55931,HYMTF,NASDAQ,Hyundai_Motor_Company,
Q58024,EBAY,NASDAQ,EBay,EBAY
Q174198,IT,NYSE,Gartner,IT
Q174310,JWN,NYSE,Nordstrom,JWN
Q175106,THI,NYSE,Tim_Hortons,
Q1420513,FISV,NASDAQ,Fiserv,FISV
Q1431486,ORAN,NASDAQ,Orange_Group,
Q1431991,HYSL,NASDAQ,Hyperion_Solutions,
Q1472929,NDAQ,NASDAQ,"Nasdaq,_Inc.",NDAQ
Q180106,OI,NYSE,O-I_Glass,OI
Q180816,DJI,NYSE,Dow_Jones_Industrial_Average,
Q180922,CAE,NYSE,CAE_Inc.,
Q15727302,ARCO,NYSE,Arcos_Dorados_Holdings,
Q15831130,BLOX,NYSE,Infoblox,
Q15898172,ZH,NYSE,Zhihu,
Q15917534,FF,NYSE,FutureFuel,
Q16013760,NPO,NYSE,Enpro_Industries,
Q16131515,TARO,NYSE,Taro_Pharmaceuticals,
Q16157155,ATEN,NYSE,A10_Networks,
Q1700871,BHC,NYSE,Bausch_Health,
Q1703389,JLL,NYSE,JLL_(company),
Q1728446,KFY,NYSE,Korn_Ferry,
Q1740314,KEY,NYSE,KeyBank,KEY
Q1741634,KMB,NYSE,Kimberly-Clark,KMB
Q1747133,SLW,NYSE,Wheaton_Precious_Metals,
Q183184,SBS,NYSE,Sabesp,
Q181507,STI,NYSE,SunTrust,STI
Q187740,EQR,NYSE,Vivmark_Residential,EQR
Q17113791,MSEX,NASDAQ,Middlesex_Water_Company,
Q17114308,NKTR,NASDAQ,Nektar_Therapeutics,NKTR
Q17114199,NEOG,NASDAQ,Neogen,
Q17109731,NXGN,NASDAQ,NextGen_Healthcare,
Q17109731,QSII,NASDAQ,NextGen_Healthcare,
Q17114312,EGOV,NASDAQ,NIC_Inc.,
Q17109642,SASR,NASDAQ,Sandy_Spring_Bank,
Q17121792,UNIS,NASDAQ,Unilife,
Q17125822,ANTP,NASDAQ,Antenna_Products_Corporation,
Q17131128,RMTI,NASDAQ,Rockwell_Medical,
Q17138182,OPK,NASDAQ,OPKO_Health,
Q17141146,MTBC,NASDAQ,CareCloud,
Q17143144,PACW,NASDAQ,PacWest_Bancorp,
Q17142127,PTX,NASDAQ,Pernix_Therapeutics_Holdings,
Q17141691,PXLW,NASDAQ,Pixelworks,
Q17146135,SIRO,NASDAQ,Sirona_Dental_Systems,
Q17145596,TESO,NASDAQ,Tesco_Corporation,
Q17145997,UFPT,NASDAQ,UFP_Technologies,
Q17144725,ZIXI,NASDAQ,Zix_Corp,
Q17147182,ZYXI,NASDAQ,Zynex,
Q17154829,MLCO,NASDAQ,Melco_Resorts_&_Entertainment,
Q17155112,SGEN,NASDAQ,Seagen,
Q17149417,USCR,NASDAQ,U.S._Concrete,
Q19900,ORCL,NYSE,Oracle_Corporation,ORCL
Q5362329,RDEN,NASDAQ,"Elizabeth_Arden,_Inc.",
Q5362061,VLSI,NASDAQ,VLSI_Technology,
Q5373589,EMMS,NASDAQ,Emmis_Corporation,
Q5374115,NYNY,NASDAQ,Empire_Resorts,
Q5375543,ECPG,NASDAQ,Encore_Capital_Group,
Q5376211,ENDP,NASDAQ,Endo_International,ENDP
Q5376661,EIGI,NASDAQ,Endurance_International_Group,
Q5376815,ENOC,NASDAQ,Enel_X,
Q5376911,ENER,NASDAQ,Energy_Conversion_Devices,
Q5376971,ERII,NASDAQ,Energy_Recovery,
Q5380128,ENTG,NASDAQ,Entegris,
Q5384678,EMDAQ,NASDAQ,Equity_Media_Holdings,
Q5388314,ERIE,NASDAQ,Erie_Insurance_Group,ERIE
Q5398941,ESPR,NASDAQ,Esperion_Therapeutics,
Q5412010,EEFT,NASDAQ,Euronet_Worldwide,
Q5413426,EWCZ,NASDAQ,European_Wax_Center,
Q5419989,EXEL,NASDAQ,Exelixis,
Q5421360,ABCD,NASDAQ,ExploreLearning,
Q5421507,EXPO,NASDAQ,"Exponent,_Inc.",
Q5421507,FAIL,NASDAQ,"Exponent,_Inc.",
Q5421850,STAY,NASDAQ,Extended_Stay_America,
Q5424656,FBRC,NASDAQ,FBR_Capital_Markets,
Q5426537,FLIR,NASDAQ,Teledyne_FLIR,FLIR
Q5429751,FRP,NASDAQ,FairPoint_Communications,
Q5430910,FWM,NASDAQ,Fairway_Market,
Q5431722,FALC,NASDAQ,FalconStor_Software,
Q5431118,SALM,NASDAQ,Salem_Media_Group,
Q5433448,DAVE,NASDAQ,Famous_Dave's,
Q18712957,FTCH,NYSE,Farfetch,
Q16996714,IPXL,NASDAQ,Amneal_Pharmaceuticals,
Q16993862,FCEL,NASDAQ,FuelCell_Energy,
Q16994021,THRM,NASDAQ,Gentherm_Incorporated,
Q16994357,SSYS,NASDAQ,GrabCAD,
Q16994588,GFED,NASDAQ,Guaranty_Federal_Bancshares,
Q16994890,HBIO,NASDAQ,Harvard_Bioscience,
Q16995776,HTBI,NASDAQ,HomeTrust_Bancshares,
Q16996073,HCBK,NASDAQ,Hudson_City_Bancorp,HCBK
Q16996938,IFON,NASDAQ,InfoSonics,
Q16997126,ICPT,NASDAQ,Intercept_Pharmaceuticals,
Q16997218,XENT,NASDAQ,Intersect_ENT,
Q16997283,IPCM,NASDAQ,IPC_Healthcare,
Q16997309,IRWD,NASDAQ,Ironwood_Pharmaceuticals,
Q16997523,JCOM,NASDAQ,J2_Global,
Q170614,RYAAY,NASDAQ,Ryanair,
Q1751032,PCL,NYSE,Plum_Creek_Timber,PCL
Q1764040,NUS,NYSE,Nu_Skin_Enterprises,
Q1765036,WFG,NYSE,West_Fraser_Timber,
Q1776022,EQNR,NYSE,Equinor,
Q1780382,WY,NYSE,Weyerhaeuser,WY
Q1781428,LLL,NYSE,L3_Technologies,LLL
Q1784126,KOP,NYSE,Koppers,
Q550258,WEN,NASDAQ,Wendy's,
Q59507,ASTC,NASDAQ,Astrotech_Corporation,
Q1476080,PRVT,NASDAQ,Private_Media_Group,
Q1477661,PCAR,NASDAQ,Paccar,PCAR
Q1486956,XEL,NASDAQ,Xcel_Energy,XEL
Q1508526,RGR,NASDAQ,"Sturm,_Ruger_&_Co.",
Q5228205,PLAY,NASDAQ,Dave_&_Buster's,
Q5204430,DBVT,NASDAQ,DBV_Technologies,
Q5204989,SZMK,NASDAQ,DG_(company),
Q5206170,DSPG,NASDAQ,DSP_Group,
Q5209286,DJCO,NASDAQ,Daily_Journal_Corporation,
Q5220519,MNDT,NASDAQ,Mandiant,
Q5227174,DAIO,NASDAQ,Data_I/O,
Q5227485,DRAM,NASDAQ,Dataram,
Q5254632,DFC,NASDAQ,Delta_Financial_Corporation,
Q5254843,PROJ,NASDAQ,Deltek,
Q5256667,DNDN,NASDAQ,Dendreon,
Q5265143,DEST,NASDAQ,Destination_Maternity,
Q5270794,DMND,NASDAQ,Diamond_Foods,
Q5275716,DGII,NASDAQ,Digi_International,
Q5275736,DMRC,NASDAQ,Digimarc,
Q5277215,DCOM,NASDAQ,Dime_Community_Bank,
Q5279096,DIOD,NASDAQ,Diodes_Incorporated,
Q5287613,DOCU,NASDAQ,Docusign,
Q5289230,DLTR,NASDAQ,Dollar_Tree,DLTR
Q1514221,KUBTY,NASDAQ,Kubota,
Q1526456,KBAL,NASDAQ,Kimball_International,
Q1536457,RJET,NASDAQ,Republic_Airways_Holdings,
Q1538507,JACK,NASDAQ,Jack_in_the_Box,
Q1785405,NEM,NYSE,Newmont,NEM
Q1786345,MMC,NYSE,Marsh_McLennan,
Q1785549,BTU,NYSE,Peabody_Energy,BTU
Q1793182,RGA,NYSE,Reinsurance_Group_of_America,
Q1798370,GIB,NYSE,CGI_Inc.,
Q1812208,WDS,NYSE,Woodside_Energy,
Q1812555,LEG,NYSE,Leggett_&_Platt,LEG
Q1815011,PCG,NYSE,Pacific_Gas_and_Electric_Company,PCG
Q17001319,BNTC,NASDAQ,Benitec_Biopharma,
Q16997963,JWEB,NASDAQ,Juno_Online_Services,
Q17006727,KNDI,NASDAQ,Kandi_Technologies,
Q16998439,KINS,NASDAQ,Kingstone_Companies,
Q16998645,KOPN,NASDAQ,Kopin_Corporation,
Q16997846,MIME,NASDAQ,Mimecast,
Q17012234,ENPH,NASDAQ,Enphase_Energy,ENPH
Q17017007,LBUR,NASDAQ,Library_Bureau,
Q17018954,OPTT,NASDAQ,Ocean_Power_Technologies_Australasia,
Q17049669,AGII,NASDAQ,Argo_Group,
Q17050423,CARG,NASDAQ,CarGurus,
Q17051868,POSH,NASDAQ,Poshmark,
Q17068094,TWNK,NASDAQ,Hostess_Brands,
Q17062565,HYMTF,NASDAQ,Hyundai_Motor_America,
Q17068000,MFNC,NASDAQ,Mackinac_Financial_Corporation,
Q17068557,MTSN,NASDAQ,Mattson_Technology,
Q17068666,MDAS,NASDAQ,MedAssets,
Q17068931,EBSB,NASDAQ,East_Boston_Savings_Bank,
Q17068984,EGAN,NASDAQ,EGain,
Q17077936,LYFT,NASDAQ,Lyft,
Q17070831,NRCIA,NASDAQ,National_Research_Corporation,
Q17072102,NOVB,NASDAQ,North_Valley_Bancorp,
Q17072200,NVAX,NASDAQ,Novavax,
Q17073430,ONVO,NASDAQ,Organovo,
Q17074260,PNBK,NASDAQ,Patriot_National_Bancorp,
Q17075854,PWAV,NASDAQ,Powerwave_Technologies,
Q1538585,KELYA,NASDAQ,Kelly_Services,
Q1543874,HTZ,NASDAQ,Hertz_Global_Holdings,
Q1544413,NATI,NASDAQ,National_Instruments,
Q1545076,MCHP,NASDAQ,Microchip_Technology,MCHP
Q1546793,OEX,NASDAQ,S&P_100,
Q1548363,MGIC,NASDAQ,Magic_Software_Enterprises,
Q555925,BRCM,NASDAQ,Broadcom_Corporation,BRCM
Q580866,THQI,NASDAQ,THQ,
Q596139,MAT,NASDAQ,Mattel,MAT
Q188514,TTM,NYSE,Tata_Motors,
Q188920,DAL,NYSE,Delta_Air_Lines,DAL
Q190464,HSBC,NYSE,HSBC,
Q191715,TWX,NYSE,WarnerMedia,TWX
Q17072593,ONTF,NYSE,ON24,
Q17084959,PAYC,NYSE,Paycom,PAYC
Q17085620,PL,NYSE,Planet_Labs,
Q17089427,TGE,NYSE,Tallgrass_Energy_Partners,
Q17087047,VHC,NYSE,VirnetX,
Q17091323,WRI,NYSE,Weingarten_Realty,
Q17108791,MPJ,NYSE,Mississippi_Power,
Q17109683,JBGS,NYSE,JBG_Smith,
Q17114287,NR,NYSE,Newpark_Resources,
Q17109460,VRE,NYSE,Veris_Residential,
Q17145638,NRUC,NYSE,National_Rural_Utilities_Cooperative_Finance_Corporation,
Q17143142,REX,NYSE,REX_American_Resources,
Q17144598,UTL,NYSE,Unitil_Corporation,
Q17146520,NGVC,NYSE,Vitamin_Cottage_Natural_Grocers,
Q17153461,CVEO,NYSE,Civeo_Corporation,
Q17152492,PRLB,NYSE,Protolabs,
Q17182243,OIS,NYSE,Oil_States_International,
Q17326957,WLK,NYSE,Westlake_Corporation,
Q17509919,CWAN,NYSE,Clearwater_Analytics,
Q17512182,BRX,NYSE,Brixmor_Property_Group,
Q17538813,SMWB,NYSE,Similarweb,
Q17551096,KEYS,NYSE,Keysight,KEYS
Q17141393,SJW,NYSE,H2O_America,
Q192314,JPM,NYSE,JPMorgan_Chase,JPM
Q192814,HOG,NYSE,Harley-Davidson,HOG
Q5461913,FTD,NASDAQ,Florists'_Transworld_Delivery,
Q5450340,MSC,NASDAQ,Finisar,
Q5450341,FINL,NASDAQ,"Finish_Line,_Inc.",
Q5451274,FEYE,NASDAQ,FireEye,
Q5452332,FBNC,NASDAQ,First_Bancorp,
Q5452733,FCNCA,NASDAQ,First_Citizens_BancShares,
Q5452775,FCBC,NASDAQ,First_Community_Bancshares,
Q5453008,THFF,NASDAQ,First_Financial_Bank,
Q5453106,INBK,NASDAQ,First_Internet_Bank,
Q5453107,FIBK,NASDAQ,First_Interstate_BancSystem,
Q5453261,FRME,NASDAQ,First_Merchants_Corporation,
Q5453330,FMBI,NASDAQ,First_Midwest_Bancorp,
Q5453450,FNFG,NASDAQ,First_Niagara_Bank,
Q5452228,FMER,NASDAQ,FirstMerit_Corporation,
Q5454776,FSCI,NASDAQ,Fisher_Communications,
Q5452995,FDEF,NASDAQ,Premier_Financial,
Q5455836,FIVE,NASDAQ,Five_Below,
Q5464133,FOGO,NASDAQ,Fogo_de_Chão,
Q5470333,FORTY,NASDAQ,Formula_Systems,
Q5476713,TFCFA,NASDAQ,21st_Century_Fox,
Q193199,UBS,NYSE,UBS,
Q193326,GS,NYSE,Goldman_Sachs,GS
Q194360,AXP,NYSE,American_Express,AXP
Q202210,GME,NYSE,GameStop,GME
Q5497414,FRBW,NASDAQ,Frederick_Brewing_Company,
Q5501354,RAIL,NASDAQ,FreightCar_America,
Q5503081,FRPT,NASDAQ,Freshpet,
Q5503999,FFN,NASDAQ,Friend_Finder_Networks,
Q5508083,FLL,NASDAQ,Full_House_Resorts,
Q5508431,FULT,NASDAQ,Fulton_Financial_Corporation,
Q5509271,FNKO,NASDAQ,Funko,
Q5511828,GK,NASDAQ,G&K_Services,
Q5512990,GLIBA,NASDAQ,GCI_Communication,
Q5514784,GTXI,NASDAQ,GTx_Incorporated,
Q5515077,OTEX,NASDAQ,GXS_Inc.,
Q5516980,GAIA,NASDAQ,"Gaia,_Inc.",
Q5518376,GALE,NASDAQ,Galena_Biopharma,
Q5533602,GNTX,NASDAQ,Gentex_(automotive_supplier),
Q5533670,GTIV,NASDAQ,Gentiva_Health_Services,
Q5552410,GERN,NASDAQ,Geron_Corporation,
Q5554922,GEVO,NASDAQ,Gevo,
Q5570954,GBIM,NASDAQ,GlobeImmune,
Q5575439,GAME,NASDAQ,Shanda,
Q5578424,GLNG,NASDAQ,Golar_LNG,
Q5579415,GDEN,NASDAQ,Golden_Entertainment,
Q5584725,GMAN,NASDAQ,Gordmans,
Q5599440,GLDD,NASDAQ,Great_Lakes_Dredge_and_Dock_Company,
Q5603070,GPRE,NASDAQ,Green_Plains,
Q5609934,GO,NASDAQ,Grocery_Outlet,
Q5612176,OMAB,NASDAQ,Grupo_Aeroportuario_Centro_Norte,
Q5517961,GLPG,NASDAQ,Lakefront_Biotherapeutics,
Q17562023,NEU,NYSE,NewMarket_Corporation,
Q18111091,CMCM,NYSE,Cheetah_Mobile,
Q18148411,ESL,NYSE,Esterline,
Q18150963,FORG,NYSE,ForgeRock,
Q18151094,KEX,NYSE,Kirby_Corporation,
Q18151484,MEI,NYSE,Methode_Electronics,
Q18156998,WK,NYSE,Workiva,
Q18205529,BILL,NYSE,Bill.com,
Q18228597,ESI,NYSE,Element_Solutions,
Q18344949,GMED,NYSE,Globus_Medical,
Q18349283,HTZ,NYSE,Hertz_Car_Sales,
Q18354527,TSE,NYSE,Trinseo,
Q18378515,SKLZ,NYSE,Skillz_(company),
Q18387139,SYF,NYSE,Synchrony_Financial,SYF
Q18619272,GHL,NYSE,Greenhill_&_Co.,
Q18619467,RYAM,NYSE,Rayonier_Advanced_Materials,
Q18619470,QSR,NYSE,Restaurant_Brands_International,
Q18635265,LSPD,NYSE,Lightspeed_Commerce,
Q18636409,CXM,NYSE,Sprinklr,
Q18636413,SG,NYSE,Sweetgreen,
Q54871457,RBBN,NASDAQ,Ribbon_Communications,
Q55360040,SITM,NASDAQ,SiTime,
Q55589254,GTLB,NASDAQ,GitLab_Inc.,
Q55622230,MKTX,NASDAQ,MarketAxess,MKTX
Q55627388,OKTA,NASDAQ,"Okta,_Inc.",OKTA
Q55633597,SSB,NASDAQ,SouthState_Bank,
Q55948312,TENB,NASDAQ,"Tenable,_Inc.",
Q56273983,APPN,NASDAQ,Appian_Corporation,
Q56276186,PTON,NASDAQ,Peloton_Interactive,
Q56481140,CMPS,NASDAQ,Compass_Pathways,
Q56585268,TXG,NASDAQ,10x_Genomics,
Q56811344,LK,NASDAQ,Luckin_Coffee,
Q59318110,QTT,NASDAQ,Qutoutiao,
Q5973741,GLBR,NASDAQ,FXCM,
Q5973024,IPGP,NASDAQ,IPG_Photonics,IPGP
Q5985017,IEP,NASDAQ,Icahn_Enterprises,
Q5986662,ICON,NASDAQ,Iconix_Brand_Group,
Q5995354,IKAN,NASDAQ,Ikanos_Communications,
Q6015591,INCY,NASDAQ,Incyte,INCY
Q6016398,IBCP,NASDAQ,Independent_Bank_(Michigan),
Q60238941,FOXA,NASDAQ,Fox_Corporation,FOXA
Q612714,SRZ,NYSE,Sunrise_Senior_Living,
Q619121,APO,NYSE,Apollo_Global_Management,APO
Q624375,CVS,NYSE,CVS_Health,CVS
Q624798,CNI,NYSE,Canadian_National_Railway,
Q642271,CI,NYSE,The_Cigna_Group,CI
Q643626,APTV,NYSE,Aptiv,APTV
Q643626,DLPH,NYSE,Aptiv,DLPH
Q643674,TMO,NYSE,Thermo_Fisher_Scientific,TMO
Q644167,PHI,NYSE,PLDT,
Q2031726,WBK,NYSE,Westpac,
Q2032800,ALLY,NYSE,Ally_Financial,
Q2036530,ALSN,NYSE,Allison_Transmission,
Q2037125,STT,NYSE,State_Street_Corporation,STT
Q2037080,ANDV,NYSE,Tesoro_Corporation,ANDV
Q2044512,PPL,NYSE,PPL_Corporation,PPL
Q747207,LSCC,NASDAQ,Lattice_Semiconductor,
Q747489,CYRX,NASDAQ,Cyrix,
Q757307,TEAM,NASDAQ,Atlassian,TEAM
Q757489,ATML,NASDAQ,Atmel,
Q766417,BUCY,NASDAQ,Bucyrus-Erie,
Q625708,ARMK,NYSE,Aramark,
Q625713,BBL,NYSE,BHP,
Q625713,BHP,NYSE,BHP,
Q645072,DF,NYSE,Dean_Foods,
Q645708,ING,NYSE,ING_Group,
Q648458,BIRK,NYSE,Birkenstock,
Q644289,ATUS,NYSE,Optimum_Communications,
Q2047336,PLTR,NYSE,Palantir,PLTR
Q2059537,ARW,NYSE,Arrow_Electronics,
Q2062132,ARCH,NYSE,Arch_Resources,
Q2066858,PKI,NYSE,PerkinElmer,
Q2070689,PFGC,NYSE,Performance_Food_Group,
Q2071877,HELI,NYSE,CHC_Helicopter,
Q2071102,PRMW,NYSE,Primo_Brands,
Q631047,HDB,NYSE,HDFC_Bank,
Q629998,GIS,NYSE,General_Mills,GIS
Q632240,LLY,NYSE,Eli_Lilly_and_Company,LLY
Q206921,PFE,NYSE,Pfizer,PFE
Q207983,MON,NYSE,Monsanto,MON
Q565594,E,NYSE,Eni,
Q568532,MGM,NYSE,MGM_Resorts_International,MGM
Q63335,FL,NYSE,Foot_Locker,FL
Q1885491,FDS,NYSE,FactSet,FDS
Q1915049,MKC,NYSE,McCormick_&_Company,MKC
Q1915579,MTL,NYSE,Mechel,
Q210047,PBR,NYSE,Petrobras,
Q572948,HLF,NYSE,Herbalife,
Q577911,POM,NYSE,Pepco_Holdings,POM
Q582418,ITT,NYSE,ITT_Inc.,
Q583268,VALE,NYSE,Vale_S.A.,
Q570473,MCK,NYSE,McKesson,MCK
Q1931458,MFGP,NYSE,Micro_Focus,
Q1916402,PSO,NYSE,Pearson_plc,
Q1921579,MDP,NYSE,Meredith_Corporation,MDP
Q1925384,IDT,NYSE,IDT_Corporation,
Q1937503,TEX,NYSE,Terex,
Q1962059,NBR,NYSE,Nabors_Industries,NBR
Q66,BA,NYSE,Boeing,BA
Q642189,MDT,NYSE,Medtronic,MDT
Q642106,TS,NYSE,Tenaris,
Q66048,DB,NYSE,Deutsche_Bank,
Q609466,CL,NYSE,Colgate-Palmolive,CL
Q589288,BK,NYSE,BNY,
Q590897,ICA,NYSE,Empresas_ICA,
Q596499,KBR,NYSE,"KBR,_Inc.",
Q604775,KDE,NYSE,4Kids_Entertainment,
Q607131,MET,NYSE,MetLife,MET
Q1969091,OSK,NYSE,Oshkosh_Corporation,
Q1975799,PAG,NYSE,Penske_Automotive_Group,
Q1977666,PSFE,NYSE,Paysafe,
Q1984481,NI,NYSE,NiSource,NI
Q2007484,OGE,NYSE,Oklahoma_Gas_&_Electric,
Q2006989,YPF,NYSE,YPF,
Q2008551,OAK-A,NYSE,Oaktree_Capital_Management,
Q2008551,OAK-B,NYSE,Oaktree_Capital_Management,
Q2013357,OXY,NYSE,Occidental_Petroleum,OXY
Q2031485,UAA,NYSE,Under_Armour,UAA
Q2031485,UA,NYSE,Under_Armour,UA
Q5926631,HUBS,NYSE,HubSpot,
Q5928181,HBM,NYSE,Hudbay,
Q5684524,HE,NYSE,Hawaiian_Electric_Industries,
Q5690400,EHC,NYSE,Encompass_Health,
Q5690101,HW,NYSE,Headwaters_Incorporated,
Q5692871,HPY,NYSE,Heartland_Payment_Systems,
Q5696498,HL,NYSE,Hecla_Mining,
Q5706267,HLX,NYSE,Helix_Energy_Solutions_Group,
Q5748967,HXL,NYSE,Hexcel,
Q5750102,HGG,NYSE,H._H._Gregg,
Q5762186,HIL,NYSE,Hill_International,
Q5761967,HRC,NYSE,Hill-Rom,
Q5842736,GLW,NYSE,Corning_Inc.,GLW
Q5881333,HF,NYSE,HFF_(commercial_real_estate),
Q5881864,HFC,NYSE,HF_Sinclair,HFC
Q5957866,HYC,NYSE,Hypercom,
Q5970002,IEX,NYSE,IDEX_Corporation,IEX
Q5972866,IO,NYSE,ION_Geophysical,
Q5972276,VOYA,NYSE,Voya_Financial,
Q5974942,ESI,NYSE,ITT_Technical_Institute,
Q38076,MCD,NYSE,McDonald's,MCD
Q662095,EIX,NYSE,Edison_International,EIX
Q663452,TEL,NYSE,TE_Connectivity,TEL
Q663448,WBC,NYSE,WABCO_Vehicle_Control_Systems,
Q666694,CM,NYSE,Canadian_Imperial_Bank_of_Commerce,
Q667599,NWL,NYSE,Newell_Brands,NWL
Q667865,JCI,NYSE,Johnson_Controls,JCI
Q20486931,NTI,NYSE,Northern_Tier_Energy,
Q20486937,SPN,NYSE,Superior_Energy_Services,
Q20486949,WLL,NYSE,Whiting_Petroleum,
Q20502124,BSI,NYSE,Alon_Blue_Square,
Q20539294,CSPR,NYSE,Casper_Sleep,
Q20630716,CC,NYSE,Chemours,
Q20642307,FLTX,NYSE,Fleetmatics,
Q20648663,TGNA,NYSE,Tegna_Inc.,TGNA
Q20667333,NEP,NYSE,XPLR_Infrastructure,
Q20687182,TLN,NYSE,Talen_Energy,
Q20708639,FET,NYSE,Forum_Energy_Technologies,
Q20714863,KOF,NYSE,Coca-Cola_FEMSA,
Q20714323,DASH,NYSE,DoorDash,DASH
Q20715093,TDOC,NYSE,Teladoc_Health,
Q20732498,MNSO,NYSE,MINISO,
Q20858163,NSC,NYSE,Norfolk_Southern_Corporation,NSC
Q20857833,BLT,NYSE,Oregon_Tool,
Q20858221,PRO,NYSE,PROS_(company),
Q20979194,AMH,NYSE,American_Homes_4_Rent,
Q20979249,EVRI,NYSE,Everi_Holdings,
Q7598289,SP,NASDAQ,SP_Plus_Corporation,
Q7605667,STLD,NASDAQ,Steel_Dynamics,STLD
Q7606770,SMRT,NASDAQ,Stein_Mart,
Q7611370,SBIB,NASDAQ,Sterling_Bank_(Texas),
Q7627777,STB,NASDAQ,Student_Transportation_Inc.,
Q7638153,STKL,NASDAQ,SunOpta,
Q7638158,RUN,NASDAQ,Sunrun,
Q7638414,SNBC,NASDAQ,Sun_National_Bank,
Q7639364,SDAY,NASDAQ,Sunday_Communications,
Q7643493,SUPR,NASDAQ,Superior_Bancorp,
Q7644560,SPRT,NASDAQ,Support.com,
Q7649295,SUSQ,NASDAQ,Susquehanna_Bank,
Q7658825,SWSH,NASDAQ,Swisher_Hygiene,
Q7662405,ELOS,NASDAQ,Syneron_Medical,
Q7662679,SYNT,NASDAQ,"Syntel,_Inc.",
Q7668516,LANC,NASDAQ,T._Marzetti_Company,
Q7669439,TATT,NASDAQ,TAT_Technologies,
Q7669688,TCF,NASDAQ,TCF_Financial_Corporation_(1923–2019),
Q7671950,TTIL,NASDAQ,TTI_Telecom,
Q7685835,TARG,NASDAQ,Targanta_Therapeutics_Corporation,
Q7692144,TTGT,NASDAQ,Informa_TechTarget,
Q7692121,CNTF,NASDAQ,TechFaith,
Q7692916,TECU,NASDAQ,Tecumseh_Products,
Q7695732,TNAV,NASDAQ,TeleNav,
Q7695737,TTEC,NASDAQ,TTEC,
Q7697828,TLS,NASDAQ,Telos_Corporation,
Q7701648,TERN,NASDAQ,Terayon,
Q7706196,TTEK,NASDAQ,Tetra_Tech,
Q7705659,TSRA,NASDAQ,Xperi,
Q7707945,TXRH,NASDAQ,Texas_Roadhouse,
Q7711620,NCTY,NASDAQ,The9,
Q7711656,TST,NASDAQ,TheStreet,
Q7713699,ANDE,NASDAQ,The_Andersons,
Q7719081,BONT,NASDAQ,The_Bon-Ton,
Q38676,AEM,NYSE,Agnico_Eagle,
Q57060073,NRGV,NYSE,Energy_Vault,
Q58041994,TPH,NYSE,TRI_Pointe_Group,
Q5983823,AGR,NYSE,Avangrid,
Q5987232,IDA,NYSE,Idacorp,
Q6007092,IMPV,NYSE,Imperva,
Q6028443,NRGY,NYSE,Inergy,
Q6043367,TEG,NYSE,Integrys_Energy_Group,TEG
Q6049324,ICO,NYSE,International_Coal_Group,
Q6058311,IL,NYSE,IntraLinks,
Q6058618,IPI,NYSE,Intrepid_Potash,
Q6060469,IRS,NYSE,Inversiones_y_Representaciones_Sociedad_Anónima,
Q6060808,ITG,NYSE,Investment_Technology_Group,
Q6135535,JHX,NYSE,James_Hardie_Industries,
Q6159625,JAH,NYSE,Jarden,
Q6294662,JMG,NYSE,Journal_Media_Group,
Q6315968,JE,NYSE,Just_Energy,
Q6324302,LRN,NYSE,"Stride,_Inc.",
Q6326486,KBH,NYSE,KB_Home,KBH
Q6340370,KVA,NYSE,KV_Pharmaceutical,
Q6387063,KMPR,NYSE,Kemper_Corporation,
Q6389509,KMT,NYSE,Kennametal,
Q6391583,LZB,NYSE,La-Z-Boy,
Q6398035,KEG,NYSE,Key_Energy_Services,
Q6203968,JOAN,NYSE,JoAnn_Fabrics,
Q6216567,DESP,NYSE,Despegar,
Q668737,YUM,NYSE,Yum!_Brands,YUM
Q672885,TYC,NYSE,Tyco_International,TYC
Q675585,MCO,NYSE,Moody's_Corporation,MCO
Q677464,D,NYSE,Dominion_Energy,D
Q7809764,TITN,NASDAQ,Titan_Machinery,
Q7856379,HEAR,NASDAQ,Turtle_Beach_Corporation,
Q76846862,PARA,NASDAQ,Paramount_Global,
Q7735265,TFM,NASDAQ,The_Fresh_Market,
Q7756009,PTRY,NASDAQ,The_Pantry,
Q7756963,VRTS,NASDAQ,The_Phoenix_Companies,
Q7776719,YORW,NASDAQ,The_York_Water_Company,
Q7808537,TNTR,NASDAQ,Tintri,
Q7809768,TTNP,NASDAQ,Titan_Pharmaceuticals,
Q7829730,TSEM,NASDAQ,Tower_Semiconductor,
Q7830012,CLUB,NASDAQ,Town_Sports_International_Holdings,
Q7833697,TWMC,NASDAQ,Kaspien,
Q7835892,TA,NASDAQ,TravelCenters_of_America,
Q7836120,TZOO,NASDAQ,Travelzoo,
Q7838954,TRVN,NASDAQ,"Trevena,_Inc.",
Q7844609,TSRX,NASDAQ,Trius_Therapeutics,
Q7848008,TRUP,NASDAQ,Trupanion,
Q7848087,TRST,NASDAQ,Trustco_Bank,
Q7850758,TUBE,NASDAQ,TubeMogul,
Q7851426,TUES,NASDAQ,Tuesday_Morning,
Q7857512,ASNA,NASDAQ,Justice_(store),
Q7858146,TWIN,NASDAQ,Twin_Disc,
Q306764,ABT,NYSE,Abbott_Laboratories,ABT
Q300120,AUO,NYSE,AUO_Corporation,
Q301965,S,NYSE,Sprint_Corporation,S
Q303341,WYN,NYSE,Travel_+_Leisure_Co.,WYN
Q305473,IQV,NYSE,IQVIA,IQV
Q38928,PNC,NYSE,PNC_Financial_Services,PNC
Q7545224,SMSI,NASDAQ,Smith_Micro_Software,
Q7450295,SENEB,NASDAQ,Seneca_Foods,
Q7450295,SENEA,NASDAQ,Seneca_Foods,
Q7450899,SNMX,NASDAQ,Senomyx,
Q7452488,SQNM,NASDAQ,Sequenom,
Q7457122,SEV,NASDAQ,Sevcon,
Q7489523,SHCR,NASDAQ,Sharecare,
Q7500007,SCVL,NASDAQ,Shoe_Carnival,
Q7501097,VLGEA,NASDAQ,ShopRite,
Q7501286,SHOR,NASDAQ,ShoreTel,
Q7505672,SFLY,NASDAQ,Shutterfly,
Q7512309,SIGM,NASDAQ,Sigma_Designs,
Q7516369,SSRI,NASDAQ,SSR_Mining,
Q7516369,SSRM,NASDAQ,SSR_Mining,
Q7521341,SLP,NASDAQ,Simulations_Plus,
Q7537214,SKYW,NASDAQ,"SkyWest,_Inc.",
Q7538146,SWKS,NASDAQ,Skyworks_Solutions,SWKS
Q7548877,LNCE,NASDAQ,Snyder's-Lance,
Q768231,ESRX,NASDAQ,Express_Scripts,ESRX
Q785943,SPLS,NASDAQ,Staples_Inc.,SPLS
Q19572998,CPRI,NYSE,Capri_Holdings,CPRI
Q19604285,AE,NYSE,Adams_Resources_&_Energy,
Q19604418,HP,NYSE,Helmerich_&_Payne,HP
Q19605389,KEN,NYSE,Kenon_Holdings,
Q19604459,MUSA,NYSE,Murphy_USA,
Q19604577,TPX,NYSE,Somnigroup_International,
Q19799775,VJET,NYSE,Voxeljet,
Q19840382,LU,NYSE,Lufax,
Q19854317,VIPS,NYSE,Vipshop,
Q19866242,CTLT,NYSE,Catalent,CTLT
Q19865135,DNMR,NYSE,Danimer_Scientific,
Q19863999,TMH,NYSE,TeamHealth,
Q19865696,VAPO,NYSE,Vapotherm,
Q19865761,VTR,NYSE,Ventas_(company),VTR
Q19867294,WPX,NYSE,WPX_Energy,WPX
Q2079243,TIMB,NYSE,TIM_Brasil,
Q2094989,SMFG,NYSE,SMBC_Group,
Q648533,SMI,NYSE,Semiconductor_Manufacturing_International_Corporation,
Q650259,FMS,NYSE,Fresenius_Medical_Care,
Q653581,FLR,NYSE,Fluor_Corporation,FLR
Q654762,BID,NYSE,Sotheby's,
Q656165,HAL,NYSE,Halliburton,HAL
Q661845,STM,NYSE,STMicroelectronics,
Q657648,FUN,NYSE,Cedar_Fair,
Q658089,NMR,NYSE,Nomura_Group,
Q658789,GRMN,NYSE,Garmin,GRMN
Q30873,DELL,NYSE,Dell,DELL
Q7555824,SCTY,NASDAQ,SolarCity,
Q7557128,SZYM,NASDAQ,TerraVia,
Q7557128,TVIA,NASDAQ,TerraVia,
Q7561808,SONC,NASDAQ,Sonic_Drive-In,
Q7572694,OSIS,NASDAQ,Spacelabs_Healthcare,
Q7573912,SPTN,NASDAQ,SpartanNash,
Q7575161,PMTC,NASDAQ,Spectra_Energy,
Q7573905,SPAR,NASDAQ,The_Shyft_Group,
Q7575301,SPPI,NASDAQ,Spectrum_Pharmaceuticals,
Q7579306,SPCHA,NASDAQ,Sport_Chalet,
Q7581369,SFM,NASDAQ,Sprouts_Farmers_Market,
Q7597506,STMP,NASDAQ,Stamps.com,
Q7564622,SOUN,NASDAQ,SoundHound_AI,
Q5635303,HNI,NYSE,HNI_Corporation,
Q5644848,HBB,NYSE,Hamilton_Beach_Brands,
Q5647768,HBI,NYSE,Hanesbrands,HBI
Q5649395,THG,NYSE,Hanover_Insurance,
Q5674337,HHS,NYSE,Harte_Hanks,
Q5683881,HVT,NYSE,Havertys,
Q632694,ADM,NYSE,Archer_Daniels_Midland,ADM
Q634815,MSI,NYSE,Motorola_Solutions,MSI
Q637440,LAZ,NYSE,Lazard,
Q35339,TKO,NYSE,WWE,TKO
Q35476,T,NYSE,AT&T,T
Q37156,IBM,NYSE,IBM,IBM
Q19876423,HY,NYSE,Hyster-Yale_Materials_Handling,
Q19877982,SPIR,NYSE,Spire_Global,
Q19884156,TNC,NYSE,Tennant_Company,
Q19923099,HPE,NYSE,Hewlett_Packard_Enterprise,HPE
Q19995004,WE,NYSE,WeWork,
Q20059505,VIV,NYSE,Telefônica_Brasil,
Q20182011,JKS,NYSE,JinkoSolar,
Q20183163,UNP,NYSE,Union_Pacific_Corporation,UNP
Q20486914,GEF,NYSE,"Greif,_Inc.",
Q20486915,FUL,NYSE,H.B._Fuller,
Q20486917,WELL,NYSE,Welltower,WELL
Q6806861,MED,NYSE,Medifast,
Q64005031,BRCC,NYSE,Black_Rifle_Coffee_Company,
Q64363662,HIMS,NYSE,Hims_&_Hers_Health,
Q64448268,JILL,NYSE,J.Jill,
Q6695701,LUB,NYSE,Luby's,
Q6703090,LL,NYSE,Lumber_Liquidators,
Q6715131,MDC,NYSE,MDC_Holdings,
Q6715200,MDU,NYSE,MDU_Resources,
Q6715642,MGF,NYSE,MFS_Investment_Management,
Q6717732,MSM,NYSE,MSC_Industrial_Direct,
Q6723256,MAC,NYSE,Macerich,MAC
Q6724984,MIC,NYSE,Macquarie_Infrastructure_Corporation,
Q6744211,MNK,NYSE,Mallinckrodt,MNK
Q6757974,MMI,NYSE,Marcus_&_Millichap,MMI
Q6758107,MCS,NYSE,Marcus_Corporation,
Q6770621,MKL,NYSE,Markel_Group,
Q6772994,VAC,NYSE,Marriott_Vacations_Worldwide,
Q6774578,MSO,NYSE,Martha_Stewart_Living_Omnimedia,
Q6776123,MLM,NYSE,Martin_Marietta_Materials,MLM
Q6782872,MAS,NYSE,Masco,MAS
Q6783802,DOOR,NYSE,Masonite_International,
Q6782217,MTZ,NYSE,MasTec,
Q6787989,MATX,NYSE,"Matson,_Inc.",
Q6792378,MLP,NYSE,Maui_Land_&_Pineapple_Company,
Q6795931,MMS,NYSE,Maximus_Inc.,
Q6794502,MXL,NYSE,MaxLinear,
Q6803126,MWV,NYSE,MeadWestvaco,
Q6805492,MEG,NYSE,Media_General,
Q6806775,MRX,NYSE,Medicis_Pharmaceutical,
Q6819538,MTH,NYSE,Meritage_Homes_Corporation,
Q6824994,BY,NYSE,Byline_Bank,
Q483006,LPL,NYSE,LG_Display,
Q483637,APC,NYSE,Anadarko_Petroleum,APC
Q483915,NKE,NYSE,"Nike,_Inc.",NKE
Q16162525,AUBN,NASDAQ,Auburn_Bank,
Q16240807,AUTO,NASDAQ,AutoWeb,
Q16240807,ABTL,NASDAQ,AutoWeb,
Q16245358,BRY,NASDAQ,Berry_Corporation,
Q16247698,CIDM,NASDAQ,Cineverse,
Q16248637,DDOG,NASDAQ,Datadog,DDOG
Q16249833,ENZN,NASDAQ,Enzon_Pharmaceuticals,
Q16250432,LION,NASDAQ,Fidelity_Southern_Corporation,
Q16251015,GLPI,NASDAQ,Gaming_and_Leisure_Properties,
Q16255113,JAZZ,NASDAQ,Jazz_Pharmaceuticals,
Q16338433,IGLD,NASDAQ,Internet_Gold_Golden_Lines,
Q16526979,ANGH,NASDAQ,Anghami,
Q16766290,RLOC,NASDAQ,ReachLocal,
Q16824238,XLRN,NASDAQ,Acceleron_Pharma,
Q16824303,AAAP,NASDAQ,Advanced_Accelerator_Applications,
Q16824426,AGIO,NASDAQ,Agios_Pharmaceuticals,
Q16825098,AMCF,NASDAQ,Andatee_China_Marine_Fuel,
Q16826875,BBCN,NASDAQ,Bank_of_Hope,
Q16827821,AMBI,NASDAQ,Ambit_Biosciences,
Q16835875,AUTH,NASDAQ,AuthenTec,
Q16829282,CHRM,NASDAQ,Charm_Communications,
Q16839584,GLYN,NASDAQ,Galyan's,
Q16844753,HZNP,NASDAQ,Horizon_Therapeutics,
Q16850385,CVGW,NASDAQ,Calavo_Growers,
Q16858748,CERE,NASDAQ,"Ceres,_Inc.",
Q16858667,KTOS,NASDAQ,Kratos_Defense_&_Security_Solutions,
Q16920636,UBSI,NASDAQ,United_Bank_(West_Virginia),
Q16932650,RBCN,NASDAQ,Rubicon_Technology,
Q16950619,CWBC,NASDAQ,Community_West_Bancshares,
Q16951448,CPRT,NASDAQ,Copart,CPRT
Q16952393,COWN,NASDAQ,TD_Cowen,
Q16950815,BECN,NASDAQ,QXO,
Q3009498,MSA,NYSE,MSA_Safety,
Q3053992,EOCC,NYSE,Enel_Generación_Chile,
Q3053992,EOC,NYSE,Enel_Generación_Chile,
Q386193,CDE,NYSE,Coeur_Mining,
Q392221,BF.B,NYSE,Brown-Forman,BF-B
Q393762,A,NYSE,Agilent_Technologies,A
Q397223,AGU,NYSE,Agrium,
Q5161257,CONN,NASDAQ,Conn's,
Q5163620,CTCT,NASDAQ,Constant_Contact,
Q5165812,CTRL,NASDAQ,Control4,
Q5170128,CORE,NASDAQ,Core-Mark,
Q5169368,CRVL,NASDAQ,CorVel_Corporation,
Q5173417,CORSQ,NASDAQ,Corus_Bankshares,
Q5175243,COSI,NASDAQ,Così_(restaurant),
Q5173965,LOGM,NASDAQ,Xively,
Q5177980,COUP,NASDAQ,Coupa,
Q5179012,CVTI,NASDAQ,Covenant_Logistics,
Q5179371,COVS,NASDAQ,Covisint,
Q5185100,CRCT,NASDAQ,Cricut,
Q5183828,WOLF,NASDAQ,Wolfspeed,
Q5189420,CRPP,NASDAQ,Crown_Pacific_Partners,
Q5190041,CRMB,NASDAQ,Crumbs_Bake_Shop,
Q5189410,CRWN,NASDAQ,Hallmark_Media,
Q5191790,TCOM,NASDAQ,Trip.com_Group,
Q5192265,CBST,NASDAQ,Cubist_Pharmaceuticals,
Q5194189,CMLS,NASDAQ,Cumulus_Media,
Q5196929,CBUK,NASDAQ,Cutter_&_Buck,
Q5197796,COOL,NASDAQ,Cyberian_Outpost,
Q5198104,CYCC,NASDAQ,Cyclacel,
Q5201295,CYTR,NASDAQ,CytRx,
Q52825,ABB,NYSE,ABB,
Q483946,PKX,NYSE,POSCO,
Q484117,WF,NYSE,Woori_Financial_Group,
Q485593,RHT,NYSE,Red_Hat,RHT
Q481472,SPP,NYSE,Sappi,
Q482267,AMOV,NYSE,América_Móvil,
Q482267,AMX,NYSE,América_Móvil,
Q48755,RPM,NYSE,RPM_International,
Q48822,VAL,NYSE,Valspar,
Q48872,ETN,NYSE,Eaton_Corporation,ETN
Q48881,SHW,NYSE,Sherwin-Williams,SHW
Q6404433,KID,NYSE,Kid_Brands,
Q6410043,KIM,NYSE,Kimco_Realty,KIM
Q6422289,KNX,NYSE,Knight-Swift,
Q6456630,SCX,NYSE,L._S._Starrett_Company,
Q6458767,LIN,NYSE,LIN_Media,LIN
Q6466630,LH,NYSE,Labcorp,LH
Q6468754,SR,NYSE,Spire_Inc.,
Q6468754,LG,NYSE,Spire_Inc.,
Q6496310,SAN,NYSE,Banco_Santander,
Q677488,ELV,NYSE,Elevance_Health,ELV
Q680186,MTD,NYSE,Mettler_Toledo,MTD
Q682047,SVU,NYSE,SuperValu_(United_States),SVU
Q78203110,PHUN,NASDAQ,Phunware,
Q315287,QGEN,NYSE,Qiagen,
Q319344,ANF,NYSE,Abercrombie_&_Fitch,ANF
Q319642,CVX,NYSE,Chevron_Corporation,CVX
Q156376,VMEO,NASDAQ,Vimeo,
Q60740820,ARLO,NYSE,Arlo_Technologies,
Q60745531,WMS,NYSE,Advanced_Drainage_Systems,
Q60742531,CRC,NYSE,California_Resources_Corporation,
Q60754620,EVTL,NYSE,Vertical_Aerospace,
Q60763554,UBA,NYSE,Urstadt_Biddle_Properties,
Q60769878,EVA,NYSE,Enviva,
Q60767471,NCLH,NYSE,Norwegian_Cruise_Line_Holdings,NCLH
Q62739842,DOW,NYSE,Dow_Inc.,DOW
Q63035278,XPEV,NYSE,XPeng,
Q63197674,CTVA,NYSE,Corteva,CTVA
Q60748073,CTWS,NYSE,Connecticut_Water_Service,
Q193701,SPCX,NASDAQ,SpaceX,
Q162852,MNTV,NASDAQ,SurveyMonkey,
Q162852,SVMK,NASDAQ,SurveyMonkey,
Q161086,JBLU,NASDAQ,JetBlue,
Q322153,MTOR,NYSE,Meritor,
Q322320,LVLT,NYSE,Level_3_Communications,LVLT
Q324616,INGM,NYSE,Ingram_Micro,
Q325789,JEF,NYSE,Jefferies_Group,JEF
Q327646,ENE,NYSE,Enron,
Q1280748,ECHO,NASDAQ,EchoStar,ECHO
Q1420513,FISV,NASDAQ,Fiserv,FISV
Q216272,ME,NASDAQ,23andMe,
Q260833,SNDK,NASDAQ,Sandisk,SNDK
Q1549511,ORBK,NASDAQ,Ormat_Technologies,
Q1562826,VIP,NASDAQ,Veon_(company),
Q1562826,VEON,NASDAQ,Veon_(company),
Q1571490,SYNA,NASDAQ,Synaptics,
Q1573416,MSG,NASDAQ,Madison_Square_Garden_Sports,
Q1577907,LIOX,NASDAQ,Lionbridge,
Q1581434,IVGN,NASDAQ,Invitrogen,
Q328840,V,NYSE,Visa_Inc.,V
Q6517792,FLG,NYSE,Flagstar_Bank,
Q6517792,NYCB,NYSE,Flagstar_Bank,
Q6499202,S,NYSE,Sears,S
Q6509896,LF,NYSE,LeapFrog_Enterprises,
Q6513538,LEE,NYSE,Lee_Enterprises,
Q6522334,BKI,NYSE,"Black_Knight,_Inc.",
Q6533918,LUK,NYSE,Jefferies_Financial_Group,
Q6541925,LRY,NYSE,Liberty_Property_Trust,
Q6541925,LPT,NYSE,Liberty_Property_Trust,
Q6545004,LTM,NYSE,"Life_Time,_Inc.",
Q6552749,LNN,NYSE,Lindsay_Corporation,
Q6555405,LEV,NYSE,Lion_Electric_Company,
Q6647881,LAD,NYSE,Lithia_Motors,
Q6647933,LAC,NYSE,Lithium_Corporation_of_America,
Q6669086,LOMA,NYSE,Loma_Negra,
Q6522340,LC,NYSE,Happen_Bank,
Q1583606,TYPE,NASDAQ,Monotype_Imaging,
Q1591976,HAYN,NASDAQ,Haynes_International,
Q1592340,TVTY,NASDAQ,Tivity_Health,
Q1592340,HWAY,NASDAQ,Tivity_Health,
Q1602881,SAPE,NASDAQ,Publicis_Sapient,
Q1665429,IDTI,NASDAQ,Integrated_Device_Technology,
Q1666040,TILE,NASDAQ,"Interface,_Inc.",
Q1665653,VECO,NASDAQ,Veeco,
Q1666331,INTL,NASDAQ,StoneX_Group_Inc.,
Q1666331,SNEX,NASDAQ,StoneX_Group_Inc.,
Q1667971,IIJI,NASDAQ,Internet_Initiative_Japan,
Q1671436,IILG,NASDAQ,"ILG,_Inc.",
Q1671509,ON,NASDAQ,Onsemi,ON
Q1672602,KOSS,NASDAQ,Koss_Corporation,
Q329953,NOC,NYSE,Northrop_Grumman,NOC
Q332477,VSXY,NYSE,Victoria's_Secret,
Q333718,JNJ,NYSE,Johnson_&_Johnson,JNJ
Q334204,MS,NYSE,Morgan_Stanley,MS
Q338825,ACN,NYSE,Accenture,ACN
Q334800,PEP,NYSE,PepsiCo,PEP
Q343204,ACT,NYSE,Actavis,ACT
Q344839,GOLF,NYSE,Acushnet_Company,
Q368181,VNO,NYSE,Vornado_Realty_Trust,VNO
Q372657,CS,NYSE,Credit_Suisse,
Q373225,SPCE,NYSE,Virgin_Galactic,
Q15734041,CORT,NASDAQ,Corcept_Therapeutics,
Q15845093,CACC,NASDAQ,Credit_Acceptance,
Q15898172,ZH,NASDAQ,Zhihu,
Q15913890,IQ,NASDAQ,IQIYI,
Q15917582,QDEL,NASDAQ,QuidelOrtho,
Q15915960,XNET,NASDAQ,Xunlei,
Q15926208,HTHT,NASDAQ,H_World_Group_Limited,
Q15964713,CPHD,NASDAQ,Cepheid_(company),
Q15964806,IMGN,NASDAQ,ImmunoGen,
Q16002190,ATSG,NASDAQ,Airborne_Maintenance_&_Engineering_Services,
Q16154750,ISLE,NASDAQ,Isle_of_Capri_Casinos,
Q1676726,WPPGY,NASDAQ,J._Walter_Thompson,
Q1689717,JIVE,NASDAQ,Jive_Software,
Q127040202,TEM,NASDAQ,Tempus_AI,
Q135187635,CTW,NASDAQ,CTW_Inc.,
Q2404292,TER,NASDAQ,Teradyne,TER
Q27150212,APP,NASDAQ,AppLovin,APP
Q28155261,DSGX,NASDAQ,Descartes_Systems_Group,
Q48754,PPG,NYSE,PPG_Industries,PPG
Q5893992,HONA,NASDAQ,Honeywell_Aerospace,HONA
Q6055435,GEEK,NASDAQ,Internet_America,
Q28760388,ORMP,NASDAQ,Oramed,
Q85800542,SEZL,NASDAQ,Sezzle,
Q96314827,BSP,NASDAQ,Bending_Spoons,
Q133042901,BTDR,NASDAQ,Bitdeer,
Q138585043,IREN,NASDAQ,IREN,
Q66604886,CBRS,NASDAQ,Cerebras_Systems,
Q3301958,NXH,NASDAQ,Bed_Bath_&_Beyond_(2023–present),BBBY
Q140787386,SLS,NASDAQ,Sellas_Life_Sciences_Group,
Q5099601,CBPO,NASDAQ,China_Biologic_Products,
Q5099683,CSFG,NASDAQ,China_Fire_and_Security_Group,
Q5099719,CHLN,NASDAQ,China_Housing_and_Land_Development,
Q5099924,CSUN,NASDAQ,China_Sunergy,
Q5104985,CHRD,NASDAQ,Chordiant,
Q5118174,CHDN,NASDAQ,Churchill_Downs_Incorporated,
Q5118415,CHUY,NASDAQ,Chuy's,
Q5118603,CHYR,NASDAQ,Chyron_Corporation,
Q5120253,CINF,NASDAQ,Cincinnati_Financial,CINF
Q5122438,CTRN,NASDAQ,Citi_Trends,
Q5124096,IACI,NASDAQ,Citysearch,
Q5127720,AMOV,NASDAQ,Claro_Colombia,
Q5132065,CBLI,NASDAQ,Statera_BioPharma,
Q5132401,CKSW,NASDAQ,ClickSoftware,
Q5139058,COKE,NASDAQ,Coca-Cola_Consolidated,
Q5140043,CDRB,NASDAQ,Code_Rebel,
Q5140275,CDXS,NASDAQ,Codexis,
Q5141641,OUTR,NASDAQ,Coinstar,
Q5145786,CLRX,NASDAQ,CollabRx,
Q5147194,CIGI,NASDAQ,Colliers_International,
Q5150796,CBMX,NASDAQ,Invitae,
Q5152411,CBSH,NASDAQ,Commerce_Bancshares,
Q5152057,COMM,NASDAQ,CommScope,
Q5154604,COB,NASDAQ,CommunityOne_Bank,
Q5152058,CVLT,NASDAQ,Commvault,
Q5157220,CGEN,NASDAQ,Compugen_Ltd.,
Q5158443,CPTS,NASDAQ,Conceptus_Inc.,
Q5158765,LENS,NASDAQ,Concord_Camera,
Q51744,AMAP,NASDAQ,AutoNavi,
Q5136077,MYCC,NASDAQ,Invited_Clubs,
Q608776,CDNS,NASDAQ,Cadence_Design_Systems,CDNS
Q63327,ABNB,NASDAQ,Airbnb,ABNB
Q65062134,BALY,NYSE,Bally's_Corporation,
Q65066950,CNX,NYSE,CNX_Resources,CNX
Q65066106,CNM,NYSE,Core_&_Main,
Q65086808,DFIN,NYSE,Donnelley_Financial_Solutions,
Q65080540,REGI,NYSE,Renewable_Energy_Group,
Q65091232,ALIT,NYSE,Alight_Solutions,
Q65117079,LDI,NYSE,LoanDepot,
Q67186598,RBLX,NYSE,Roblox_Corporation,
Q16955055,CAFI,NASDAQ,Camco_Financial,
Q16953751,CONE,NASDAQ,CyrusOne,
Q16964955,NETL,NASDAQ,NetLogic_Microsystems,
Q16959629,NTNX,NASDAQ,Nutanix,
Q16968655,FUEL,NASDAQ,Rocket_Fuel_Inc.,
Q16959074,UBNK,NASDAQ,United_Financial_Bancorp,
Q16959092,UBFO,NASDAQ,United_Security_Bancshares,
Q16967024,WSPI,NASDAQ,Web.com_(1995–2007),
Q16968189,YTRA,NASDAQ,Yatra_(company),
Q16968424,ZLTQ,NASDAQ,Zeltiq_Aesthetics,
Q16968488,ZU,NASDAQ,Zulily,
Q16974682,ALNY,NASDAQ,Alnylam_Pharmaceuticals,
Q16974741,AMAG,NASDAQ,AMAG_Pharmaceuticals,
Q16972754,COIN,NASDAQ,Coinbase,COIN
Q16974144,DRWI,NASDAQ,DragonWave-X,
Q16974955,ITRN,NASDAQ,ERM_Telematics,
Q16975402,ESEA,NASDAQ,Euroseas_(company),
Q16985911,CFNB,NASDAQ,California_First_Leasing_Corporation,
Q16988318,CDTI,NASDAQ,Clean_Diesel_Technologies,
Q16988699,CPNO,NASDAQ,Copano_Energy,
Q16988748,CSGP,NASDAQ,CoStar_Group,CSGP
Q16986355,ISIG,NASDAQ,Insignia_Systems,
Q16991690,DEPO,NASDAQ,Assertio_Therapeutics,
Q16991690,ASRT,NASDAQ,Assertio_Therapeutics,
Q16993447,AVDL,NASDAQ,Avadel_Pharmaceuticals,
Q16992353,ELRC,NASDAQ,Electro_Rent,
Q16992684,PLUS,NASDAQ,EPlus,
Q612714,SNRZ,NASDAQ,Sunrise_Senior_Living,
Q619111,APOL,NASDAQ,Apollo_Education_Group,APOL
Q619121,AINV,NASDAQ,Apollo_Global_Management,
Q620875,GT,NASDAQ,Goodyear_Tire_and_Rubber_Company,GT
Q621532,APPB,NASDAQ,Applebee's,
Q621592,DISCB,NASDAQ,"Discovery,_Inc.",
Q621592,DISCA,NASDAQ,"Discovery,_Inc.",DISCA
Q621592,DISCK,NASDAQ,"Discovery,_Inc.",DISCK
Q3064078,GFA,NYSE,Gafisa,
Q3067064,SQM,NYSE,Sociedad_Química_y_Minera,
Q3116111,KDP,NYSE,Keurig_Dr_Pepper,KDP
Q3121014,GHC,NYSE,Graham_Holdings,GHC
Q3129010,HNT,NYSE,Health_Net,
Q3146975,XYL,NYSE,Xylem_Inc.,XYL
Q3156864,JBT,NYSE,JBT_Corporation,
Q3157622,J,NYSE,Jacobs_Solutions,J
Q3197996,KCG,NYSE,Knight_Capital_Group,
Q3208192,SCL,NYSE,Stepan_Company,
Q3211367,FDP,NYSE,Fresh_Del_Monte_Produce,
Q3216600,LW,NYSE,Lamb_Weston,LW
Q628051,ADSK,NASDAQ,Autodesk,ADSK
Q621610,AMAT,NASDAQ,Applied_Materials,AMAT
Q624649,KLAC,NASDAQ,KLA_Corporation,KLAC
Q637474,VC,NASDAQ,Visteon,
Q485908,KT,NYSE,KT_Corporation,
Q486269,KODK,NYSE,Kodak,
Q486737,KEP,NYSE,Korea_Electric_Power_Corporation,
Q487230,SHG,NYSE,Shinhan_Bank,
Q487907,BAC,NYSE,Bank_of_America,BAC
Q53268,TM,NYSE,Toyota,
Q638036,ACAT,NASDAQ,Arctic_Cat,
Q642372,CIMT,NASDAQ,Cimatron,
Q642610,HA,NASDAQ,Hawaiian_Airlines,
Q645084,VA,NASDAQ,Virgin_America,
Q645525,SPWR,NASDAQ,SunPower,
Q3272257,MTB,NYSE,M&T_Bank,MTB
Q3295867,KO,NYSE,The_Coca-Cola_Company,KO
Q3297582,MEE,NYSE,Massey_Energy,
Q3303765,MJN,NYSE,Mead_Johnson,MJN
Q489921,MA,NYSE,Mastercard,MA
Q491325,SHG,NYSE,Shinhan_Financial_Group,
Q492747,DOLE,NYSE,Dole_plc,
Q493145,SKM,NYSE,SK_Telecom,
Q496302,DE,NYSE,John_Deere,DE
Q496606,KB,NYSE,Kookmin_Bank,
Q502121,BB,NYSE,BlackBerry_Limited,
Q502132,LDOS,NYSE,Leidos,LDOS
Q502344,LEA,NYSE,Lear_Corporation,
Q502509,SNN,NYSE,Smith_&_Nephew,
Q502940,GD,NYSE,General_Dynamics,GD
Q4816513,AT,NYSE,Atlantic_Power_Corporation,
Q4817084,ATO,NYSE,Atmos_Energy,ATO
Q4818872,ATW,NYSE,Atwood_Oceanics,
Q4818932,AUQ,NYSE,AuRico_Gold,
Q498746,GRA,NYSE,Grace_(company),GRA
Q499962,COUR,NYSE,Coursera,
Q3312613,MDS,NYSE,Midas_(automotive_service),
Q3319685,TAP,NYSE,Molson_Coors,TAP
Q3337196,NLS,NYSE,"BowFlex,_Inc.",
Q3341241,NJ,NYSE,Nidec,
Q3344199,ES,NYSE,Eversource_Energy,ES
Q3367020,BTH,NYSE,"Blyth,_Inc.",
Q3375007,PBY,NYSE,Pep_Boys,
Q3377614,PZE,NYSE,Petrobras_Argentina,
Q3389022,PJC,NYSE,Piper_Sandler_Companies,
Q3389022,PIPR,NYSE,Piper_Sandler_Companies,
Q3421578,RLD,NYSE,RealD,
Q3433273,RAD,NYSE,Rite_Aid,
Q3482689,SSTK,NYSE,Shutterstock,
Q6029685,INFN,NASDAQ,Infinera,
Q6032595,IMKTA,NASDAQ,Ingles,
Q6036100,INOD,NASDAQ,Innodata,
Q6036711,INOV,NASDAQ,Inovalon,
Q6036968,PTNT,NASDAQ,InsWeb,
Q6038080,NSIT,NASDAQ,Insight_Enterprises,
Q6042841,IESC,NASDAQ,Integrated_Electrical_Services,
Q6045277,ININ,NASDAQ,Interactive_Intelligence,
Q6044894,IDCC,NASDAQ,InterDigital,
Q6047972,INAP,NASDAQ,Internap,
Q6048685,IBOC,NASDAQ,International_Bancshares_Corporation,
Q6048697,IBOC,NASDAQ,International_Bank_of_Commerce,
Q6057493,IVAC,NASDAQ,Intevac,
Q6060936,IFIN,NASDAQ,Investors_Bank_&_Trust,
Q6101088,XXIA,NASDAQ,Ixia_(company),
Q6107753,JASO,NASDAQ,JA_Solar_Holdings,
Q6109309,JJSF,NASDAQ,J&J_Snack_Foods,
Q6110451,JCDAF,NASDAQ,Jacada,
Q6113060,JKHY,NASDAQ,Jack_Henry_&_Associates,JKHY
Q6188748,FORMF,NASDAQ,JetForm,
Q654343,SYNM,NASDAQ,Syntroleum,
Q657663,CEDC,NASDAQ,Lucas_Bols,
Q663596,GILD,NASDAQ,Gilead_Sciences,GILD
Q503182,PTR,NYSE,PetroChina,
Q503308,LUV,NYSE,Southwest_Airlines,LUV
Q507154,NVS,NYSE,Novartis,
Q515869,LGF,NYSE,Starz_Entertainment,
Q518016,UIS,NYSE,Unisys,
Q3493556,SPR,NYSE,Spirit_AeroSystems,
Q3508889,SNV,NYSE,Synovus,
Q3518066,THC,NYSE,Tenet_Healthcare,THC
Q3535949,TW,NYSE,Towers_Watson,
Q3540193,W,NYSE,Wayfair,
Q3550736,USG,NYSE,USG_Corporation,
Q3553552,VLN,NYSE,Valens_Semiconductor,
Q3561692,VZIO,NYSE,Vizio,
Q3742240,CGAU,NYSE,Centerra_Gold,
Q3853691,MCCC,NYSE,Mediacom,
Q3873359,NTZ,NYSE,Natuzzi,
Q4826087,AZO,NYSE,AutoZone,AZO
Q4827537,AVB,NYSE,AvalonBay_Communities,AVB
Q4828988,AVA,NYSE,Avista,
Q4829076,AVT,NYSE,Avnet,
Q4833115,AZX,NYSE,Azurix,
Q4835754,BJ,NYSE,BJ's_Wholesale_Club,
Q4836297,BPT,NYSE,BP_Prudhoe_Bay_Royalty_Trust,
Q4836852,BWXT,NYSE,BWX_Technologies,
Q4838903,IBA,NYSE,Bachoco,
Q4844439,BXP,NYSE,"BXP,_Inc.",BXP
Q4856124,BOH,NYSE,Bank_of_Hawaii,
Q4855887,BKU,NYSE,BankUnited,
Q4854138,BXS,NYSE,Cadence_Bank,
Q4854138,CADE,NYSE,Cadence_Bank,
Q4861529,B,NYSE,Barnes_Group,
Q4861508,BNED,NYSE,BNED,
Q4863194,CUDA,NYSE,Barracuda_Networks,
Q4874958,BTE,NYSE,Baytex_Energy,
Q4878288,BZH,NYSE,Beazer_Homes_USA,
Q4886950,BHE,NYSE,Benchmark_Electronics,
Q4894819,BERY,NYSE,Berry_Global,
Q4905973,BIG,NYSE,Big_Lots,
Q4906978,BH,NYSE,Biglari_Holdings,
Q4908047,BBG,NYSE,Bill_Barrett_Corporation,
Q6459734,LPLA,NASDAQ,LPL_Financial,
Q6348410,KALU,NASDAQ,Kaiser_Aluminum,
Q6386533,BKCC,NASDAQ,Kelso_&_Company,
Q6415714,KIRK,NASDAQ,Kirkland's,
Q6418560,KTTEQ,NASDAQ,Kitty_Hawk_Aircargo,
Q6426028,KCAP,NASDAQ,Kohlberg_&_Company,
Q6428706,KONA,NASDAQ,Kona_Grill,
Q6429285,KZ,NASDAQ,Kongzhong,
Q6432445,KRNT,NASDAQ,Kornit_Digital,
Q6455439,LLEN,NASDAQ,L&L_Energy,
Q6458324,LGIH,NASDAQ,LGI_Homes,
Q6459789,LRAD,NASDAQ,Genasys,
Q6460227,LTXX,NASDAQ,LTX,
Q6485221,LSTR,NASDAQ,Landstar_System,
Q6499202,SHLD,NASDAQ,Sears,
Q6511665,LECH,NASDAQ,Lechters_Housewares,
Q6517346,LZ,NASDAQ,LegalZoom,
Q6522339,TREE,NASDAQ,LendingTree,
Q6537727,LXRX,NASDAQ,Lexicon_Pharmaceuticals,
Q6537864,LXBK,NASDAQ,Lexington_State_Bank,
Q6541837,QVCA,NASDAQ,QVC_Group,
Q6545346,WSTG,NASDAQ,Lifeboat_Distribution,
Q6545549,LWAY,NASDAQ,Lifeway_Foods,
Q6546636,GFSI,NASDAQ,Lightyear_Capital,
Q6549207,LLNW,NASDAQ,Edgio,
Q6550657,LECO,NASDAQ,Lincoln_Electric,
Q5019738,CCC,NYSE,Calgon_Carbon,
Q5021439,CALX,NYSE,"Calix,_Inc.",
Q5023914,CPN,NYSE,Calpine,
Q5025803,CPT,NYSE,Camden_Property_Trust,CPT
Q5028383,CWH,NYSE,Camping_World,
Q5035662,SNDA,NYSE,Sonida_Senior_Living,
Q5037190,KMX,NYSE,CarMax,KMX
Q5041354,CSL,NYSE,Carlisle_Companies,
Q5045738,CRS,NYSE,Carpenter_Technology_Corporation,
Q5046846,CARS,NYSE,Cars.com,
Q5047083,CRI,NYSE,Carter's,
Q5048636,FCFS,NYSE,FirstCash,
Q5057419,CGI,NYSE,Celadon_Group,
Q5058678,CPAC,NYSE,Cementos_Pacasmayo,
Q5059102,CNC,NYSE,Centene_Corporation,CNC
Q522617,IVZ,NYSE,Invesco,IVZ
Q524989,VYX,NYSE,NCR_Voyix,
Q529157,FRO,NYSE,Frontline_Ltd.,
Q4928758,BXC,NYSE,BlueLinx,
Q4930359,BXG,NYSE,Bluegreen_Corporation,
Q4937270,AX,NYSE,Axos_Financial,
Q4951483,BOX,NYSE,"Box,_Inc.",
Q4957288,BDN,NYSE,Brandywine_Realty_Trust,
Q4966553,BPI,NYSE,Zovio,
Q4967421,BFAM,NYSE,Bright_Horizons,
Q4969137,VTOL,NYSE,Bristow_Helicopters,
Q4972280,BR,NYSE,Broadridge_Financial_Solutions,BR
Q4974387,BKD,NYSE,Brookdale_Senior_Living,
Q4974587,BEP,NYSE,Brookfield_Renewable_Partners,
Q4974587,BEPC,NYSE,Brookfield_Renewable_Partners,
Q4976010,BRO,NYSE,Brown_&_Brown,BRO
Q4979671,MTRN,NYSE,Materion,
Q4983090,BPL,NYSE,Buckeye_Partners,
Q4983306,BKE,NYSE,Buckle_(clothing_retailer),
Q4993917,VAR,NYSE,Varian_Medical_Systems,VAR
Q4994426,IVC,NYSE,Invacare,
Q5006774,BCR,NYSE,Bard_(company),BCR
Q5009135,CBL,NYSE,CBL_Properties,
Q5009947,CDI,NYSE,CDI_Corporation,
Q5012733,CNL,NYSE,Cleco_Holdings,
Q5013012,CMS,NYSE,CMS_Energy,CMS
Q4999220,BURL,NYSE,Burlington_(discount_store),
Q30273389,ATR,NYSE,AptarGroup,
Q30280160,ELAN,NYSE,Elanco,
Q30291091,LHX,NYSE,L3Harris,LHX
Q30325409,JHG,NYSE,Janus_Henderson,
Q30324333,FTI,NYSE,TechnipFMC,FTI
Q30338243,WST,NYSE,West_Pharmaceutical_Services,WST
Q30591074,BOXD,NYSE,"Boxed,_Inc.",
Q30632958,EXAR,NYSE,Exar_Corporation,
Q30645592,YUMC,NYSE,Yum_China,
Q30693638,MPW,NYSE,Medical_Properties_Trust,
Q34045622,FSLY,NYSE,Fastly,
Q37019245,LMND,NYSE,"Lemonade,_Inc.",
Q3896512,PSN,NYSE,Parsons_Corporation,
Q39046155,AR,NYSE,Antero_Resources,
Q3958138,VEDL,NYSE,Vedanta_Limited,
Q60238941,FOX,NASDAQ,Fox_Corporation,FOX
Q60480286,TLRY,NASDAQ,Tilray,
Q60742568,CAMP,NASDAQ,CalAmp,
Q60749208,MARA,NASDAQ,MARA_Holdings,
Q60744565,TTD,NASDAQ,The_Trade_Desk,TTD
Q60754892,EGLX,NASDAQ,Enthusiast_Gaming,
Q60751931,SDC,NASDAQ,SmileDirectClub,
Q6550684,LINC,NASDAQ,Lincoln_Tech,
Q6648755,LFUS,NASDAQ,Littelfuse,
Q6654568,LPSN,NASDAQ,LivePerson,
Q6663075,LOJN,NASDAQ,LoJack,
Q6675775,LOOP,NASDAQ,LoopNet,
Q6690181,LOVE,NASDAQ,LoveSac,
Q6702957,LULU,NASDAQ,Lululemon,LULU
Q6703279,LMNX,NASDAQ,Luminex_Corporation,
Q6703383,LMOS,NASDAQ,Lumos_Networks,
Q6715352,SSKN,NASDAQ,Strata_Skin_Sciences,
Q6715352,MELA,NASDAQ,Strata_Skin_Sciences,
Q5061578,CPF,NYSE,Central_Pacific_Bank,
Q5064245,CDAY,NYSE,Dayforce,CDAY
Q5064245,DAY,NYSE,Dayforce,DAY
Q5063092,LUMN,NYSE,Lumen_Technologies,LUMN
Q5082076,CRL,NYSE,Charles_River_Laboratories,CRL
Q5089169,CKP,NYSE,Checkpoint_Systems,
Q5089544,CHGG,NYSE,Chegg,
Q5090664,CHMT,NYSE,Chemtura,
Q5092882,CPK,NYSE,Chesapeake_Utilities,
Q5095516,CBI,NYSE,Chicago_Bridge_&_Iron_Company,
Q5096393,CHS,NYSE,Chico's_FAS,
Q5099817,NPD,NYSE,China_Nepstar,
Q5116536,CHD,NYSE,Church_&_Dwight,CHD
Q5119048,CINT,NYSE,CI&T,
Q5122694,CFG,NYSE,Citizens_Financial_Group,CFG
Q5123314,CYN,NYSE,City_National_Bank_(California),
Q5130494,CLH,NYSE,Clean_Harbors,
Q26989,INFY,NYSE,Infosys,
Q25775,AMG,NYSE,Affiliated_Managers_Group,AMG
Q25796,GAS,NYSE,Southern_Company_Gas,GAS
Q26049,AET,NYSE,Aetna,AET
Q26311,AFL,NYSE,Aflac,AFL
Q27893,MT,NYSE,ArcelorMittal,
Q39055285,TALO,NYSE,Talos_Energy,
Q19900,ORCL,NASDAQ,Oracle_Corporation,ORCL
Q60760151,LUNR,NASDAQ,Intuitive_Machines,
Q60764012,PEGI,NASDAQ,Pattern_Energy,
Q60772582,MIK,NASDAQ,The_Michaels_Companies,
Q62065645,BLNK,NASDAQ,Blink_Charging,
Q65056153,PONY,NASDAQ,Pony.ai,
Q65080540,REGI,NASDAQ,Renewable_Energy_Group,
Q65091423,FANG,NASDAQ,Diamondback_Energy,FANG
Q65090628,LOCO,NASDAQ,El_Pollo_Loco_(United_States),
Q65090792,REAL,NASDAQ,The_RealReal,
Q65085822,AFRM,NASDAQ,Affirm_Holdings,
Q48180669,TRTN,NYSE,Triton_International,
Q48739877,ARE,NYSE,Alexandria_Real_Estate_Equities,ARE
Q48740858,COMP,NYSE,"Compass,_Inc.",
Q48742298,DRE,NYSE,Duke_Realty,DRE
Q48741327,MICR,NYSE,Micron_Products,
Q48742870,NTR,NYSE,Nutrien,
Q48743554,SXI,NYSE,Standex_International,
Q48797772,BHG,NYSE,Bright_Health,
Q173395,CSCO,NASDAQ,Cisco,CSCO
Q484930,ADI,NASDAQ,Analog_Devices,ADI
Q489080,ADP,NASDAQ,ADP_(company),ADP
Q489469,MLHR,NASDAQ,Herman_Miller,
Q492058,XMSR,NASDAQ,XM_Satellite_Radio,
Q493712,DCGN,NASDAQ,DeCODE_genetics,
Q500088,DWA,NASDAQ,DreamWorks_Animation,
Q484143,GRVY,NASDAQ,Gravity_(video_game_company),
Q256598,SEMG,NYSE,SemGroup,
Q259011,MOT,NYSE,Motorola,
Q29739,NAV,NYSE,International_Motors,
Q5207184,DVA,NYSE,DaVita,DVA
Q5190505,AORT,NYSE,Artivion,
Q5189320,CCI,NYSE,Crown_Castle,CCI
Q5189378,CCK,NYSE,Crown_Holdings,CCK
Q5192200,CUBE,NYSE,CubeSmart,
Q5197142,CVT,NYSE,Cvent,
Q5201300,CYT,NYSE,Cytec_Industries,
Q5203782,DHI,NYSE,D._R._Horton,DHI
Q5206207,DSW,NYSE,Designer_Brands,
Q5206198,DST,NYSE,DST_Systems,
Q5206232,DTE,NYSE,DTE_Energy,DTE
Q5214701,DAN,NYSE,Dana_Incorporated,
Q5215970,DANG,NYSE,Dangdang,
Q5254919,DLX,NYSE,Deluxe_Corporation,
Q5255025,LEAF,NYSE,Leaf_Group,
Q5270883,DO,NYSE,Diamond_Offshore_Drilling,DO
Q5272335,DHX,NYSE,Dice.com,
Q5272601,DKS,NYSE,Dick's_Sporting_Goods,
Q5275969,DLR,NYSE,Digital_Realty,DLR
Q5278020,DIN,NYSE,Dine_Brands,
Q5244154,DV,NYSE,Covista,DV
Q502121,RIMM,NASDAQ,BlackBerry_Limited,
Q502121,BBRY,NASDAQ,BlackBerry_Limited,
Q501476,HAS,NASDAQ,Hasbro,HAS
Q173941,EA,NASDAQ,Electronic_Arts,EA
Q174769,UAL,NASDAQ,United_Airlines,UAL
Q176587,CHKP,NASDAQ,Check_Point,
Q180816,DJI,NASDAQ,Dow_Jones_Industrial_Average,
Q182477,NVDA,NASDAQ,Nvidia,NVDA
Q185278,NWS,NASDAQ,News_Corporation,NWS
Q185278,NWSA,NASDAQ,News_Corporation,NWSA
Q187212,SEDG,NASDAQ,SolarEdge,SEDG
Q193412,TXN,NASDAQ,Texas_Instruments,TXN
Q196259,NTES,NASDAQ,NetEase,
Q48791239,MAXR,NYSE,Maxar_Technologies,
Q48814381,APHA,NYSE,Aphria_Inc.,
Q48800016,DM,NYSE,Desktop_Metal,
Q48802335,TYL,NYSE,Tyler_Technologies,TYL
Q48818116,SEMR,NYSE,Semrush,
Q48976878,BHLB,NYSE,Berkshire_Bank,
Q48971221,DLPH,NYSE,Delphi_Technologies,DLPH
Q48977470,EPR,NYSE,EPR_Properties,
Q48989804,PD,NYSE,PagerDuty,
Q5013072,CNA,NYSE,CNA_Financial,
Q5014304,CSS,NYSE,CSS_Industries,
Q478214,TSLA,NASDAQ,"Tesla,_Inc.",TSLA
Q482267,AMOV,NASDAQ,América_Móvil,
Q483551,WMT,NASDAQ,Walmart,WMT
Q5133094,CLF,NYSE,Cleveland-Cliffs,CLF
Q5130656,CCO,NYSE,Clear_Channel_Outdoor,
Q5130952,CLW,NYSE,Clearwater_Paper,
Q5148361,CLP,NYSE,Colonial_Properties,
Q5151691,FIX,NYSE,Comfort_Systems_USA,FIX
Q5150796,NVTA,NYSE,Invitae,
Q5152510,CMC,NYSE,Commercial_Metals_Company,
Q5154635,CBU,NYSE,"Community_Bank,_N.A.",
Q5154770,CYH,NYSE,Community_Health_Systems,
Q5156101,CMP,NYSE,Compass_Minerals,
Q5162777,CNO,NYSE,CNO_Financial_Group,
Q5165314,CLR,NYSE,Continental_Resources,
Q5167736,CPS,NYSE,Cooper-Standard_Automotive,
Q5168189,CPA,NYSE,Copa_Holdings,
Q5170174,CLB,NYSE,Core_Laboratories,
Q5172422,CDP,NYSE,COPT_Defense_Properties,
Q5176149,CHPT,NYSE,ChargePoint,
Q5178840,CUZ,NYSE,Cousins_Properties,
Q5182000,CR,NYSE,Crane_Co.,
Q5178891,CVA,NYSE,Reworld,
Q5184408,CPG,NYSE,Veren_(company),
Q5183828,WOLF,NYSE,Wolfspeed,
Q1715931,TECD,NASDAQ,Tech_Data,
Q1722848,KAMN,NASDAQ,Kaman_Corporation,
Q1723912,KCLI,NASDAQ,Kansas_City_Life_Insurance_Company,
Q1740323,KTCC,NASDAQ,Key_Tronic,
Q1758392,IDXX,NASDAQ,Idexx_Laboratories,IDXX
Q1760641,PTC,NASDAQ,PTC_Inc.,PTC
Q1770325,TIBX,NASDAQ,Spotfire,
Q199296,ZD,NASDAQ,Ziff_Davis,
Q1770710,TRIP,NASDAQ,Tripadvisor,TRIP
Q1784671,MXIM,NASDAQ,Maxim_Integrated,MXIM
Q1809448,WFM,NASDAQ,Whole_Foods_Market,WFM
Q1812489,OMEX,NASDAQ,Odyssey_Marine_Exploration,
Q1817174,SMCI,NASDAQ,Supermicro,SMCI
Q1869672,LOOK,NASDAQ,LookSmart,
Q1824441,LIFE,NASDAQ,Life_Technologies,LIFE
Q1835753,SPLK,NASDAQ,Splunk,
Q1881941,MTSC,NASDAQ,MTS_Systems_Corporation,
Q1902726,FINB,NASDAQ,Marshall_&_Ilsley,
Q1922290,MESA,NASDAQ,Mesa_Air_Group,
Q1929466,WW,NASDAQ,WW_International,
Q1931557,MCRS,NASDAQ,Micros_Systems,
Q1944412,MGI,NASDAQ,MoneyGram,
Q1945295,MNST,NASDAQ,Monster_Beverage,MNST
Q507306,QQQ,NASDAQ,Nasdaq-100,
Q17182820,CTSO,NASDAQ,Cytosorbents_Corporation,
Q17183462,GBCI,NASDAQ,Glacier_Bancorp,
Q17183768,HUBG,NASDAQ,Hub_Group,
Q17460900,ZM,NASDAQ,Zoom_Communications,
Q17510106,AGYS,NASDAQ,Agilysys,
Q17513511,HYGS,NASDAQ,Hydrogenics,
Q17747021,ABUS,NASDAQ,Arbutus_Biopharma,
Q17985413,ACTP,NASDAQ,Advanced_Computer_Techniques,
Q17986287,CARV,NASDAQ,"Carver_Bancorp,_Inc.",
Q18124524,EH,NASDAQ,EHang,
Q1957521,MITL,NASDAQ,Mitel,
Q1961738,GOLD,NASDAQ,HUI_Gold_Index,
Q1998662,NDSN,NASDAQ,Nordson_Corporation,NDSN
Q2000500,PTNR,NASDAQ,Partner_Communications_Company,
Q18149200,CPRX,NASDAQ,Catalyst_Pharmaceuticals,
Q18150455,ENVI,NASDAQ,Envivio,
Q18148458,FARM,NASDAQ,Farmer_Brothers,
Q18156798,ASTR,NASDAQ,Astra_(American_spaceflight_company),
Q18158741,HABT,NASDAQ,Habit_Burger_&_Grill,
Q18155123,HOOD,NASDAQ,Robinhood_Markets,HOOD
Q18153430,SYNH,NASDAQ,Syneos_Health,
Q18154756,TBLA,NASDAQ,Taboola,
Q18169198,QRVO,NASDAQ,Qorvo,QRVO
Q18168364,SHOS,NASDAQ,Sears_Hometown_and_Outlet_Stores,
Q18205509,BYND,NASDAQ,Beyond_Meat,
Q259195,CEG,NYSE,Constellation_Energy,CEG
Q261288,DLB,NYSE,Dolby,
Q266423,BMY,NYSE,Bristol_Myers_Squibb,BMY
Q283457,SSP,NYSE,E._W._Scripps_Company,
Q283852,TKC,NYSE,Turkcell,
Q288129,ACCO,NYSE,ACCO_Brands,
Q290680,ADT,NYSE,ADT_Inc.,ADT
Q291171,AEG,NYSE,Aegon,
Q285931,GLAE,NYSE,Imation,
Q18674747,BKNG,NASDAQ,Booking_Holdings,BKNG
Q18208141,CBLK,NASDAQ,VMware_Carbon_Black,
Q18217462,TLF,NASDAQ,Tandy_Leather_Factory,
Q18324720,CNV,NASDAQ,Cnova,
Q18343414,KITE,NASDAQ,Kite_Pharma,
Q18385610,SFIX,NASDAQ,Stitch_Fix,
Q18534725,HNST,NASDAQ,The_Honest_Company,
Q18619982,CENX,NASDAQ,Century_Aluminum,
Q18636342,FOLD,NASDAQ,Amicus_Therapeutics,
Q18636688,ACFC,NASDAQ,Atlantic_Coast_Financial,
Q18636524,CZR,NASDAQ,Caesars_Entertainment,CZR
Q18636683,SYX,NASDAQ,Global_Industrial,
Q18635282,OMED,NASDAQ,OncoMed,
Q18636301,FRPH,NASDAQ,Patriot_Transportation,
Q18643660,FSAM,NASDAQ,Fifth_Street_Asset_Management,
Q18712620,WBA,NASDAQ,Walgreens_Boots_Alliance,WBA
Q18754966,TW,NASDAQ,Tradeweb,
Q19572998,KORS,NASDAQ,Capri_Holdings,
Q19604569,SCMP,NASDAQ,Sucampo_Pharmaceuticals,
Q19604609,VCEL,NASDAQ,Vericel,
Q19647855,LAB,NASDAQ,Standard_BioTools,
Q19647855,FLDM,NASDAQ,Standard_BioTools,
Q2528284,VSH,NYSE,Vishay_Intertechnology,
Q2529982,NYT,NYSE,The_New_York_Times_Company,NYT
Q291508,AES,NYSE,AES_Corporation,AES
Q292292,AGCO,NYSE,AGCO,
Q293796,AIV,NYSE,Aimco,AIV
Q294721,AMC,NYSE,AMC_Theatres,
Q2552219,WM,NYSE,"Waste_Management,_Inc.",WM
Q2579502,ENOV,NYSE,Enovis,
Q2581220,WSM,NYSE,"Williams-Sonoma,_Inc.",WSM
Q2594130,WOR,NYSE,Worthington_Enterprises,
Q2609162,ACE,NYSE,Ticketmaster,ACE
Q2622493,RTO,NYSE,Rentokil_Initial,
Q2645636,ALL,NYSE,Allstate,ALL
Q2659099,NBL,NYSE,Noble_Energy,NBL
Q2721586,SP,NYSE,Spelling_Television,
Q2722179,ATE,NYSE,Advantest,
Q2668128,MHFI,NYSE,S&P_Global_Energy,
Q11463,ADBE,NASDAQ,Adobe_Inc.,ADBE
Q5281775,DFS,NYSE,Discover_Financial,DFS
Q52876645,MHH,NYSE,Mastech_Digital,
Q5295362,DCI,NYSE,Donaldson_Company,
Q5302508,DVD,NYSE,Dover_Motorsports,
Q5303699,DOCS,NYSE,Doximity,
Q5311573,DCO,NYSE,Ducommun,
Q53108351,LUXE,NYSE,Mytheresa,
Q5323987,EQT,NYSE,EQT_Corporation,EQT
Q5317253,BROS,NYSE,Dutch_Bros_Coffee,
Q1112588,COLM,NASDAQ,Columbia_Sportswear,
Q122141,VOD,NASDAQ,Vodafone,
Q19654979,JOUT,NASDAQ,Johnson_Outdoors,
Q19681433,KHC,NASDAQ,Kraft_Heinz,KHC
Q19757566,PS,NASDAQ,Pluralsight,
Q19866632,CLIR,NASDAQ,ClearSign_Technologies,
Q19873469,TECH,NASDAQ,Bio-Techne,TECH
Q19868026,PRAA,NASDAQ,PRA_Group,
Q19867417,SEAC,NASDAQ,SeaChange_International,
Q19868261,SFXE,NASDAQ,STX_Entertainment,
Q19877253,IMMP,NASDAQ,Immutep,
Q19880591,GGR,NASDAQ,Gogoro,
Q19882011,GEVA,NASDAQ,Synageva,
Q19903490,NAVI,NASDAQ,Navient,NAVI
Q19903773,VRNS,NASDAQ,Varonis_Systems,
Q4781583,APSG,NASDAQ,Applied_Signal_Technology,
Q4781837,APRI,NASDAQ,Apricus_Biosciences,
Q4787395,FUV,NASDAQ,Arcimoto,
Q4786920,ARCL,NASDAQ,Edmentum,
Q4788901,ARNA,NASDAQ,Arena_Pharmaceuticals,
Q4789079,ARCC,NASDAQ,Ares_Management,
Q4790268,ARBA,NASDAQ,SAP_Ariba,
Q4795598,ARTX,NASDAQ,Arotech_Corporation,
Q4803857,ASTI,NASDAQ,Ascent_Solar,
Q4808787,AACC,NASDAQ,Asset_Acceptance,
Q4811929,ASUR,NASDAQ,Asure_Software,
Q4813401,ATHN,NASDAQ,Athenahealth,
Q4816705,MCRI,NASDAQ,Atlantis_Casino_Resort_Spa,
Q4816569,ATNI,NASDAQ,ATN_International,
Q4828605,AVNW,NASDAQ,Aviat_Networks,
Q4829076,AVT,NASDAQ,Avnet,
Q4830196,ACLS,NASDAQ,Axcelis_Technologies,
Q4835506,BEAV,NASDAQ,B/E_Aerospace,
Q4833850,BOSC,NASDAQ,Better_Online_Solutions,
Q4835545,BGCP,NASDAQ,BGC_Group,
Q4835755,BJRI,NASDAQ,BJ's_Restaurants,
Q4839566,BLZE,NASDAQ,Backblaze,
Q4854030,BANF,NASDAQ,BancFirst,
Q4854759,BAND,NASDAQ,Bandwidth_Inc.,
Q4856116,BOFL,NASDAQ,Bank_of_Florida,
Q4856160,LABC,NASDAQ,Bank_of_New_Orleans,
Q4856167,BNCN,NASDAQ,BNC_Bank,
Q4868109,BSET,NASDAQ,Bassett_Furniture,
Q509255,BWLD,NASDAQ,Buffalo_Wild_Wings,
Q677085,GEN,NASDAQ,Gen_Digital,GEN
Q677085,NLOK,NASDAQ,Gen_Digital,
Q677085,SYMC,NASDAQ,Gen_Digital,
Q680841,SIAL,NASDAQ,Sigma-Aldrich,SIAL
Q682759,LIN,NASDAQ,Linde_plc,LIN
Q689475,LAUR,NASDAQ,Laureate_Education,
Q690604,AAXN,NASDAQ,Axon_Enterprise,
Q690604,AXON,NASDAQ,Axon_Enterprise,AXON
Q690604,TASR,NASDAQ,Axon_Enterprise,
Q5017084,PRSS,NASDAQ,CafePress,
Q4876829,BBGI,NASDAQ,Beasley_Broadcast_Group,
Q4878313,BEBE,NASDAQ,Bebe_Stores,
Q4887418,BNCL,NASDAQ,Beneficial_Bank,
Q4904902,BGFV,NASDAQ,Big_5_Sporting_Goods,
Q4914611,BCRX,NASDAQ,BioCryst_Pharmaceuticals,
Q4914627,BLRX,NASDAQ,BioLineRx,
Q4914632,BMRN,NASDAQ,BioMarin_Pharmaceutical,
Q4915361,BITI,NASDAQ,Biotie_Therapies,
Q4922539,BLKB,NASDAQ,Blackbaud,
Q4928282,BLMN,NASDAQ,Bloomin'_Brands,
Q4929570,NILE,NASDAQ,Blue_Nile_Inc.,
Q4928769,BPHX,NASDAQ,BluePhoenix_Solutions,
Q4928676,BCOR,NASDAQ,InfoSpace,
Q4932386,BOBE,NASDAQ,Bob_Evans_Restaurants,
Q4937270,BOFI,NASDAQ,Axos_Financial,
Q4937267,BOFI,NASDAQ,BofI_Federal_Bank,
Q4938392,WIFI,NASDAQ,Boingo_Wireless,
Q4943266,BAMM,NASDAQ,Books-A-Million,
Q4966553,ZVO,NASDAQ,Zovio,
Q4967514,BCOV,NASDAQ,Brightcove,
Q4972437,BYFC,NASDAQ,Broadway_Federal_Bank,
Q4982028,BSQR,NASDAQ,Bsquare,
Q5001347,BUSE,NASDAQ,Busey_Bank,
Q5011381,CHSCP,NASDAQ,CHS_Inc.,
Q5018092,CALM,NASDAQ,Cal-Maine,
Q5013834,CRAI,NASDAQ,CRA_International,
Q5018456,CLMS,NASDAQ,Calamos,
Q5024089,CLMT,NASDAQ,"Calumet,_Inc.",
Q5025090,ABCD,NASDAQ,Cambium_Learning_Group,
Q2740047,WEBR,NYSE,Weber_Inc.,
Q2748407,SHPW,NYSE,Shapeways,
Q2825507,ACM,NYSE,AECOM,
Q2831861,ACI,NYSE,Albertsons,
Q2837996,ADS,NYSE,Bread_Financial,ADS
Q2839509,AMR,NYSE,Alpha_Natural_Resources,
Q2838738,PAM,NYSE,Pampa_Energía,
Q2842931,AEO,NYSE,American_Eagle_Outfitters,
Q2843129,AMP,NYSE,Ameriprise_Financial,AMP
Q1113804,CMCSA,NASDAQ,Comcast,CMCSA
Q1122299,CTG,NASDAQ,Computer_Task_Group,
Q1137289,NUAN,NASDAQ,Nuance_Communications,
Q1138662,WPPGY,NASDAQ,Wunderman_Thompson,
Q1138888,FSLR,NASDAQ,First_Solar,FSLR
Q56280964,FND,NYSE,Floor_&_Decor,
Q5627799,HRB,NYSE,H&R_Block,HRB
Q5629432,HEI,NYSE,HEICO,HEI
Q5629085,HCC,NYSE,Tokio_Marine_HCC,
Q111982872,SAVA,NASDAQ,Filana_Therapeutics,
Q5453875,FHN,NYSE,First_Horizon_Bank,FHN
Q5453752,FRC,NYSE,First_Republic_Bank,FRC
Q5462295,FLO,NYSE,Flowers_Foods,
Q5468821,FCE.A,NYSE,Forest_City_Realty_Trust,
Q5468821,FCE.B,NYSE,Forest_City_Realty_Trust,
Q5469210,FOR,NYSE,Forestar_Group,
Q5472859,FBHS,NYSE,Fortune_Brands_Innovations,FBHS
Q5474321,ANR,NYSE,Foundation_Coal,
Q5479360,M,NYSE,"Macy's,_Inc.",M
Q5484477,FNV,NYSE,Franco-Nevada,
Q5491211,FC,NYSE,FranklinCovey,
Q5506029,FTO,NYSE,Frontier_Oil,
Q5506152,CFR,NYSE,Frost_Bank,
Q5512854,GBL,NYSE,GAMCO_Investors,
Q5514677,IGT,NYSE,International_Game_Technology,IGT
Q5517210,GCAP,NYSE,GAIN_Capital,
Q5527100,GTES,NYSE,Gates_Corporation,
Q5530848,GEN,NYSE,GenOn_Energy,GEN
Q5531627,GNRC,NYSE,Generac,GNRC
Q5532704,GCO,NYSE,Genesco,
Q5533183,GNE,NYSE,Genie_Energy,
Q5533818,GPC,NYSE,Genuine_Parts_Company,GPC
Q5457038,FBC,NYSE,Flagstar_Bank_(1987–2022),
Q805383,BYI,NYSE,Bally_Technologies,
Q806189,BBVA,NYSE,Banco_Bilbao_Vizcaya_Argentaria,
Q806181,BBD,NYSE,Banco_Bradesco,
Q806206,CIB,NYSE,Bancolombia,
Q6858766,MM,NYSE,One_by_AOL,
Q6893780,MHK,NYSE,Mohawk_Industries,MHK
Q6896175,MOH,NYSE,Molina_Healthcare,MOH
Q725634,ASH,NYSE,Ashland_Global,
Q725793,CNP,NYSE,Union_Pacific_Railroad,CNP
Q726654,GLT,NYSE,Glatfelter,
Q727697,COH,NYSE,Coach_New_York,
Q729754,BLC,NYSE,Belo_Corporation,
Q6864857,MY,NYSE,Ming_Yang_Smart_Energy,
Q7808625,WORK,NYSE,Slack_Technologies,
Q7809776,TWI,NYSE,Titan_Tire_Corporation,
Q7814310,TOL,NYSE,Toll_Brothers,
Q806215,SAN,NYSE,Santander_Group,
Q806689,BIRG,NYSE,Bank_of_Ireland,
Q806693,BMO,NYSE,Bank_of_Montreal,
Q7021239,KIND,NYSE,Nextdoor,
Q6914636,MTG,NYSE,MGIC_Investment_Corporation,
Q6952158,NC,NYSE,NACCO_Industries,
Q6955096,LKM,NYSE,Link_Motion_Inc,
Q6955139,NRG,NYSE,NRG_Energy,NRG
Q6955706,NVR,NYSE,"NVR,_Inc.",NVR
Q6955989,NWN,NYSE,NW_Natural,
Q6975043,NPK,NYSE,National_Presto_Industries,
Q6978096,NNN,NYSE,NNN_Reit,
Q6981538,EVGN,NYSE,Evogene,
Q6982488,NNA,NYSE,Navios_Maritime_Holdings,
Q6990264,NNI,NYSE,Nelnet,
Q7002903,NSR,NYSE,Neustar,
Q7005093,NAL,NYSE,NewAlliance_Bank,
Q7009312,NJR,NYSE,New_Jersey_Resources,
Q7011152,NEWR,NYSE,New_Relic,
Q7012977,NWY,NYSE,New_York_&_Company,
Q7017778,NFX,NYSE,Newfield_Exploration,NFX
Q7045708,NE,NYSE,Noble_Corporation,NE
Q7067710,SMR,NYSE,NuScale_Power,
Q7067712,NS,NYSE,NuStar_Energy,
Q7072730,OMN,NYSE,OMNOVA_Solutions,
Q7076286,OZM,NYSE,Sculptor_Capital_Management,
Q7076286,SCU,NYSE,Sculptor_Capital_Management,
Q7084833,ORI,NYSE,Old_Republic_International,
Q7086908,OLN,NYSE,Olin_Corporation,
Q7090016,OME,NYSE,Omega_Protein,
Q7095328,OOMA,NYSE,Ooma,
Q54263910,VICI,NYSE,Vici_Properties,VICI
Q54953653,BGS,NYSE,B&G_Foods,
Q55075186,PK,NYSE,Park_Hotels_&_Resorts,
Q55080120,PATH,NYSE,UiPath,
Q55453962,IR,NYSE,Ingersoll_Rand,IR
Q5547514,AXLL,NYSE,Axiall,
Q5547666,GAR,NYSE,Georgia_Power,
Q5569625,GRT,NYSE,Glimcher_Realty_Trust,
Q5570544,GPN,NYSE,Global_Payments,GPN
Q5570946,GLOB,NYSE,Globant,
Q5570993,GL,NYSE,Globe_Life_and_Accident_Insurance_Company,GL
Q5574638,OLO,NYSE,Olo_(online_ordering),
Q5586622,GRC,NYSE,Gorman-Rupp_Company,
Q5591659,GGG,NYSE,Graco_Inc.,
Q5592433,EAF,NYSE,GrafTech,
Q5595849,GVA,NYSE,Granite_Construction,
Q5597139,GPK,NYSE,Graphic_Packaging,
Q5598232,GTN,NYSE,Gray_Media,
Q5599779,GXP,NYSE,Great_Plains_Energy,
Q5611081,GPI,NYSE,Group_1_Automotive,
Q5612177,PAC,NYSE,Grupo_Aeroportuario_del_Pacífico,
Q5615528,GWRE,NYSE,Guidewire_Software,
Q55632076,RBRK,NYSE,Rubrik,
Q55611365,FIGS,NYSE,Figs_(company),
Q55614037,HPP,NYSE,Hudson_Pacific_Properties,
Q55639320,BRDS,NYSE,Bird_Global,
Q56011958,TME,NYSE,Tencent_Music,
Q56276948,AVNS,NYSE,Avanos_Medical,
Q56273715,TPR,NYSE,"Tapestry,_Inc.",TPR
Q56273933,UP,NYSE,Wheels_Up,
Q1139541,ULCC,NASDAQ,Frontier_Airlines,
Q1139852,RVBD,NASDAQ,Riverbed_Technology,
Q1140680,FLEX,NASDAQ,Flex_Ltd.,FLEX
Q1141173,MAR,NASDAQ,Marriott_International,MAR
Q6715705,MGEE,NASDAQ,MGE_Energy,
Q6717621,UNCL,NASDAQ,MRU_Holdings,
Q6731214,LAVA,NASDAQ,Magma_Design_Automation,
Q6735371,MHLD,NASDAQ,Maiden_Holdings,
Q6735891,DIVX,NASDAQ,MainConcept,
Q6743395,MBUU,NASDAQ,Malibu_Boats,
Q6746136,MANT,NASDAQ,ManTech_International,
Q6750663,MNKD,NASDAQ,MannKind_Corporation,
Q6770934,MKTO,NASDAQ,Marketo,
Q691592,GFS,NASDAQ,GlobalFoundries,
Q694872,TRMD,NASDAQ,Dampskibsselskabet_Torm,
Q705392,STX,NASDAQ,Seagate_Technology,STX
Q2843192,EDN,NYSE,Edenor,
Q2852632,UGI,NYSE,UGI_Corporation,
Q2861324,ANET,NYSE,Arista_Networks,ANET
Q2876788,BFR,NYSE,BBVA_Argentina,
Q2882085,BCH,NYSE,Banco_de_Chile,
Q2882087,BSBR,NYSE,Santander_Brasil,
Q2894362,WTRG,NYSE,Essential_Utilities,
Q2901365,MBLY,NYSE,Mobileye,
Q2902305,BCO,NYSE,Brink's,
Q2904022,BIO,NYSE,Bio-Rad_Laboratories,BIO
Q154037,TOT,NYSE,TotalEnergies,
Q48967249,TELL,NASDAQ,Tellurian_Inc.,
Q48976818,NEO,NASDAQ,NeoGenomics,
Q50038825,ITMR,NASDAQ,Itamar_Medical,
Q50239180,CATM,NASDAQ,Cardtronics,
Q5025351,CATG,NASDAQ,Cambridge_Antibody_Technology,
Q5033676,CPHC,NASDAQ,Canterbury_Park,
Q5035481,CBF,NASDAQ,Capital_Bank_Financial,
Q5035503,ATSG,NASDAQ,Capital_Cargo_International_Airlines,
Q5035425,PACW,NASDAQ,CapitalSource,
Q5035870,CFFN,NASDAQ,Capitol_Federal_Savings_Bank,
Q5035257,CPLA,NASDAQ,"Strategic_Education,_Inc.",
Q5036376,CPST,NASDAQ,Capstone_Green_Energy,
Q5038056,CARB,NASDAQ,"Carbonite,_Inc.",
Q5038528,CFNL,NASDAQ,Cardinal_Bank,
Q5038907,CECO,NASDAQ,Perdoceo,
Q5047528,CARV,NASDAQ,Carver_Federal_Savings_Bank,
Q5048150,CSCD,NASDAQ,Cascade_Microtech,
Q5048400,CWST,NASDAQ,Casella_Waste_Systems,
Q5050852,DXLG,NASDAQ,Destination_XL_Group,
Q5055187,CAVM,NASDAQ,Cavium,
Q5063137,CNTY,NASDAQ,Century_Casinos,
Q5063615,CRNT,NASDAQ,Ceragon,
Q5072155,CYOU,NASDAQ,Changyou.com,
Q5098617,SNSTA,NASDAQ,Childs_Restaurants,
Q5099579,CAAS,NASDAQ,China_Automotive_Systems,
Q5099546,CCIH,NASDAQ,ChinaCache,
Q1144473,CVAC,NASDAQ,CureVac,
Q1145004,GOLD,NASDAQ,Randgold_Resources,
Q1152374,GEHC,NASDAQ,GE_HealthCare,GEHC
Q1155668,NXPI,NASDAQ,NXP_Semiconductors,NXPI
Q1155729,SCHL,NASDAQ,Scholastic_Corporation,
Q1157767,DAKT,NASDAQ,Daktronics,
Q1172038,DASTY,NASDAQ,Dassault_Systèmes,
Q1181953,DECK,NASDAQ,Deckers_Brands,DECK
Q1183818,TACO,NASDAQ,Del_Taco,
Q1189695,DENN,NASDAQ,Denny's,
Q1190598,SAVE,NASDAQ,Spirit_Airlines,
Q1192211,MSTR,NASDAQ,MicroStrategy,
Q1192805,DNUT,NASDAQ,Krispy_Kreme,
Q1193833,TRID,NASDAQ,Trident_Microsystems,
Q111387693,CRNC,NASDAQ,Cerence,
Q11159866,GILT,NASDAQ,Gilat_Satellite_Networks,
Q1196745,RMBS,NASDAQ,Rambus,
Q1197548,MU,NASDAQ,Micron_Technology,MU
Q1199757,DISH,NASDAQ,Dish_Network,DISH
Q12010467,WB,NASDAQ,Weibo_Corporation,WB
Q12058769,GLDC,NASDAQ,Golden_Flake,
Q12123536,MHPSY,NASDAQ,PrJSC_MHP,
Q221062,DWDP,NYSE,DuPont,DWDP
Q589288,BNY,NYSE,BNY,BNY
Q187740,VMRK,NYSE,Vivmark_Residential,VMRK
Q111839764,SIVB,NASDAQ,SVB_Financial_Group,SIVB
Q111839764,SIVBP,NASDAQ,SVB_Financial_Group,
Q112038007,DRS,NASDAQ,Leonardo_DRS,
Q112659289,ASTS,NASDAQ,AST_SpaceMobile,
Q112871910,GPSI,NASDAQ,Great_Plains_Software,
Q112892574,SYM,NASDAQ,Symbotic,
Q112892633,WRD,NASDAQ,WeRide,
Q115225388,AMLX,NASDAQ,Amylyx_Pharmaceuticals,
Q116056726,DTIL,NASDAQ,Precision_BioSciences,
Q116275554,GEOS,NASDAQ,Geospace_Technologies,
Q116452644,NFLX,NASDAQ,"Netflix,_Inc.",NFLX
Q117169721,AZTA,NASDAQ,Azenta,
Q117461845,TOWN,NASDAQ,TowneBank,
Q118905009,CNMD,NASDAQ,CONMED_Corporation,
Q119844805,HLNE,NASDAQ,Hamilton_Lane,
Q121002697,PERI,NASDAQ,Perion_Network,
Q121816947,VCTR,NASDAQ,Victory_Capital,
Q121832886,MAXN,NASDAQ,Maxeon_Solar_Technologies,
Q122166676,QQQ,NASDAQ,Invesco_QQQ,
Q123269714,TTMI,NASDAQ,TTM_Technologies,
Q123481906,BPOP,NASDAQ,Banco_Popular_de_Puerto_Rico,
Q54173,GE,NYSE,General_Electric,GE
Q7113744,OVRL,NASDAQ,Overland_Storage,
Q7120927,PSDV,NASDAQ,EyePoint_Pharmaceuticals,
Q7118693,PCCC,NASDAQ,PC_Connection,
Q7118693,CNXN,NASDAQ,PC_Connection,
Q7118707,PCMI,NASDAQ,"PCM,_Inc.",
Q7118809,PDFS,NASDAQ,PDF_Solutions,
Q7119110,PFSW,NASDAQ,PFSweb,
Q7119723,PMCS,NASDAQ,PMC-Sierra,
Q7120762,PSSI,NASDAQ,PSS_World_Medical,
Q7064069,NVMI,NASDAQ,Nova_Ltd.,
Q5331380,EV,NYSE,Eaton_Vance,
Q5337641,EPC,NYSE,Edgewell_Personal_Care,
Q5351770,EE,NYSE,El_Paso_Electric,
Q5370289,EME,NYSE,Emcor,EME
Q5370757,EBS,NYSE,Emergent_BioSolutions,
Q5370829,ESC,NYSE,Emeritus_Senior_Living,
Q5370909,VRT,NYSE,Vertiv,VRT
Q5374879,ELX,NYSE,Emulex,
Q5376825,EGN,NYSE,Energen,
Q5377000,ETP,NYSE,Energy_Transfer,
Q5376999,ET,NYSE,Energy_Transfer_Equity,
Q5380195,ETM,NYSE,"Audacy,_Inc.",
Q5380195,AUD,NYSE,"Audacy,_Inc.",
Q5380346,EPD,NYSE,Enterprise_Products,
Q5379929,VAL,NYSE,Valaris_Limited,
Q7240,LMT,NYSE,Lockheed_Martin,LMT
Q7121857,PSUN,NASDAQ,PacSun,
Q7120959,PTCT,NASDAQ,PTC_Therapeutics,
Q7123127,PACT,NASDAQ,Pactera,
Q7128508,PANW,NASDAQ,Palo_Alto_Networks,PANW
Q7129613,PAAS,NASDAQ,Pan_American_Silver,
Q7130852,PNRA,NASDAQ,Panera_Bread,
Q7131487,SYMC,NASDAQ,Panorama9,
Q7132349,FRSH,NASDAQ,Papa_Murphy's,
Q2909088,BCC,NYSE,Boise_Cascade,
Q2912154,PAY,NYSE,Verifone,
Q2916497,PRGO,NYSE,Perrigo,PRGO
Q2923022,BYD,NYSE,Boyd_Gaming,
Q2926166,B,NYSE,Brooklyn_Rapid_Transit_Company,
Q2931412,CGG,NYSE,Viridien,
Q2934771,CAM,NYSE,Cameron_International,CAM
Q2945643,SKX,NYSE,Skechers,
Q2962826,CHK,NYSE,Expand_Energy,CHK
Q1065090,ISIL,NASDAQ,Intersil,
Q1067998,CRUS,NASDAQ,Cirrus_Logic,
Q1069924,ZIP,NASDAQ,Zipcar,
Q1083470,ELON,NASDAQ,Echelon_Corporation,
Q1091783,CIEN,NASDAQ,Ciena,CIEN
Q1092571,CTAS,NASDAQ,Cintas,CTAS
Q1096013,FCS,NASDAQ,Fairchild_Semiconductor,
Q1106938,CCOI,NASDAQ,Cogent_Communications,
Q533415,BBY,NYSE,Best_Buy,BBY
Q540891,NLSN,NYSE,Nielsen_Holdings,NLSN
Q6783278,MASI,NASDAQ,Masimo,
Q6786571,MTLS,NASDAQ,Materialise_NV,
Q6791878,MFRM,NASDAQ,Mattress_Firm,
Q6804919,MDTH,NASDAQ,MedCath_Corp.,
Q6806791,MDSO,NASDAQ,Medidata_Solutions,
Q6807739,MEET,NASDAQ,The_Meet_Group,
Q6813052,MLNX,NASDAQ,Mellanox_Technologies,
Q6820755,MERU,NASDAQ,Meru_Networks,
Q6824418,MCBI,NASDAQ,MetroCorp_Bancshares,
Q6822267,CASH,NASDAQ,Pathward,
Q6822359,MBLX,NASDAQ,Yield10_Bioscience,
Q6822359,YTEN,NASDAQ,Yield10_Bioscience,
Q6835667,MIK,NASDAQ,Michaels,
Q6840048,MSCC,NASDAQ,Microsemi,
Q6843476,MOFG,NASDAQ,MidWestOne_Financial_Group,
Q6863447,MNDO,NASDAQ,Mind_CTI,
Q6886914,MINI,NASDAQ,Mobile_Mini,
Q6902090,MNRO,NASDAQ,Monro_Muffler_Brake,
Q6902090,MNRO,NASDAQ,Monro_Muffler_Brake,
Q6902124,MBTF,NASDAQ,Monroe_Bank_&_Trust,
Q6911967,MHGC,NASDAQ,Morgans_Hotel_Group,
Q6941284,RMTR,NASDAQ,Mushkin,
Q6952813,NSBD,NASDAQ,NBG_Radio_Network,
Q6952868,NBTB,NASDAQ,NBT_Bank,
Q6955544,NTLS,NASDAQ,NTelos,
Q6968762,NTRA,NASDAQ,Natera,
Q6971495,NCMI,NASDAQ,National_CineMedia,
Q6994181,NBS,NASDAQ,Lisata_Therapeutics,
Q6998317,NTCT,NASDAQ,NetScout_Systems,
Q7000660,MANT,NASDAQ,Netwitness,
Q7002174,NBIX,NASDAQ,Neurocrine_Biosciences,
Q7002474,STIM,NASDAQ,Neuronetics,
Q6889843,STCN,NASDAQ,CMGI,
Q6889843,MLNK,NASDAQ,CMGI,
Q1107035,CTSH,NASDAQ,Cognizant,CTSH
Q1107088,COHR,NASDAQ,"Coherent,_Inc.",COHR
Q1353939,ETSY,NYSE,Etsy,ETSY
Q2266483,AVG,NYSE,AVG_Technologies,
Q5444235,FERG,NYSE,Ferguson_Enterprises,FERG
Q4805956,SUNB,NYSE,Sunbelt_Rentals,
Q3301958,BBBY,NYSE,Bed_Bath_&_Beyond_(2023–present),BBBY
Q3301958,BYON,NYSE,Bed_Bath_&_Beyond_(2023–present),
Q541076,AU,NYSE,AngloGold_Ashanti,
Q546880,KGC,NYSE,Kinross_Gold,
Q547450,CE,NYSE,Celanese,CE
Q552363,HOT,NYSE,Starwood_Hotels_and_Resorts,HOT
Q552581,SAP,NYSE,SAP,
Q25104597,ARNC,NYSE,Howmet_Aerospace,ARNC
Q25245477,YOU,NYSE,Clear_Secure,
Q25422888,NU,NYSE,Nubank,
Q25831309,PCOR,NYSE,Procore,
Q2979728,CLDR,NYSE,Cloudera,
Q2985356,NDTV,NYSE,NDTV,
Q2990393,CCU,NYSE,Compañía_de_las_Cervecerías_Unidas,
Q2990586,RXT,NYSE,Rackspace_Technology,
Q2995071,CSTM,NYSE,Constellium,
Q2998228,CZZ,NYSE,Cosan,
Q7018524,NMRK,NASDAQ,Newmark_Group,
Q7020906,NXST,NASDAQ,Nexstar_Media_Group,
Q7049673,NDLS,NASDAQ,Noodles_&_Company,
Q7057831,NBN,NASDAQ,Northeast_Bank,
Q7060191,NWBI,NASDAQ,Northwest_Bank,
Q7059972,NWBO,NASDAQ,Northwest_Biotherapeutics,
Q7067716,NUVA,NASDAQ,NuVasive,
Q7070498,NTRI,NASDAQ,Nutrisystem,
Q7070744,NXTM,NASDAQ,NxStage,
Q7071951,ORLY,NASDAQ,O'Reilly_Auto_Parts,ORLY
Q7073021,OSIS,NASDAQ,OSI_Systems,
Q7076047,OPTT,NASDAQ,Ocean_Power_Technologies,
Q7077162,ASPS,NASDAQ,Onity_Group,
Q7083862,ODFL,NASDAQ,Old_Dominion_Freight_Line,ODFL
Q7084595,ONB,NASDAQ,Old_National_Bank,
Q7088304,OLLI,NASDAQ,Ollie's_Bargain_Outlet,
Q7089136,ZEUS,NASDAQ,Olympic_Steel,
Q7092720,OHGI,NASDAQ,One_Horizon_Group,
Q7095196,ONXX,NASDAQ,Onyx_Pharmaceuticals,
Q7096123,OMKT,NASDAQ,Open_Market,
Q7098806,OCC,NASDAQ,Optical_Cable_Corporation,
Q7100213,OSH,NASDAQ,Orchard_Supply_Hardware,
Q7106872,OSIR,NASDAQ,Osiris_Therapeutics,
Q7109415,OTTR,NASDAQ,Otter_Tail_Corporation,
Q795454,BKS,NYSE,Barnes_&_Noble,
Q794565,ARO,NYSE,Aéropostale_(clothing_brand),
Q797609,BW,NYSE,Babcock_&_Wilcox,
Q804353,BHI,NYSE,Baker_Hughes,BHI
Q804353,BKR,NYSE,Baker_Hughes,BKR
Q804353,BHGE,NYSE,Baker_Hughes,
Q795486,BBT,NYSE,Truist,
Q795486,TFC,NYSE,Truist,TFC
Q7824332,TR,NYSE,Tootsie_Roll_Industries,
Q7825574,GL,NYSE,Globe_Life,GL
Q7827120,CURV,NYSE,Torrid_Holdings,
Q7830269,TSQ,NYSE,Townsquare_Media,
Q7833614,TFII,NYSE,TFI_International,
Q7833612,TDG,NYSE,TransDigm_Group,TDG
Q7833641,TRU,NYSE,TransUnion,
Q7837478,TG,NYSE,Tredegar_Corporation,
Q7839814,TNET,NYSE,TriNet,
Q7842860,TRN,NYSE,Trinity_Industries,
Q7843323,GTS,NYSE,Triple-S_Management_Corporation,
Q7847653,TRLA,NYSE,Trulia,
Q7856196,TRQ,NYSE,Turquoise_Hill_Resources,
Q7856971,TPC,NYSE,Tutor_Perini,
Q7858039,TWLO,NYSE,Twilio,
Q7864706,UIL,NYSE,UIL_Holdings_Corporation,
Q7875835,LCC,NYSE,US_Airways_Group,
Q7875835,U,NYSE,US_Airways_Group,
Q7876533,UI,NYSE,Ubiquiti,
Q7882701,LSI,NYSE,Life_Storage,LSI
Q7884645,UNF,NYSE,UniFirst,
Q7887485,BSIG,NYSE,United_Asset_Management,
Q7888979,UNFI,NYSE,United_Natural_Foods,
Q7889101,URI,NYSE,United_Rentals,URI
Q7893816,U,NYSE,Unity_Technologies,
Q7893879,UAM,NYSE,Universal_American,
Q7893929,UVV,NYSE,Universal_Corporation,
Q7893967,UHS,NYSE,Universal_Health_Services,UHS
Q7894082,UTI,NYSE,Universal_Technical_Institute,
Q7903503,UTZ,NYSE,Utz_Brands,
Q7907809,EGY,NYSE,Vaalco_Energy,
Q7909276,VCI,NYSE,Valassis,
Q7912506,VMI,NYSE,Valmont_Industries,
Q7915220,VNTV,NYSE,"Worldpay,_Inc.",
Q7917805,VGR,NYSE,Vector_Group,
Q7917863,VVC,NYSE,Vectren,
Q7919303,VLDR,NYSE,Velodyne_Lidar,
Q7921589,VET,NYSE,Vermilion_Energy,
Q7924444,VVI,NYSE,Viad,
Q7937913,VSLR,NYSE,Vivint_Solar,
Q7945867,WPC,NYSE,W._P._Carey,
Q7946278,WBC,NYSE,WABCO_Holdings,
Q7098529,OPWR,NYSE,Opower,
Q7098552,OPY,NYSE,Oppenheimer_Holdings,
Q7102329,OFG,NYSE,OFG_Bancorp,
Q7114736,OC,NYSE,Owens_Corning,
Q7115371,OXM,NYSE,Oxford_Industries,
Q7119231,PHH,NYSE,PHH_Corporation,
Q7120810,PSB,NYSE,PS_Business_Parks,
Q7119849,PNM,NYSE,TXNM_Energy,
Q7140896,PRTY,NYSE,Party_City,
Q7156755,PSS,NYSE,Payless_(footwear_retailer),
Q7161915,PBA,NYSE,Pembina_Pipeline,
Q7162745,PGH,NYSE,Pengrowth_Energy,
Q7165001,PNR,NYSE,Pentair,PNR
Q7164054,PEI,NYSE,PREIT,
Q7169321,PBT,NYSE,Permian_Basin_Royalty_Trust,
Q7178935,PEO,NYSE,Adams_Natural_Resources_Fund,
Q7188106,PHR,NYSE,Phreesia,
Q7191691,PIR,NYSE,Pier_1_Imports,
Q7200726,PXP,NYSE,Plains_Exploration_&_Production,
Q7201095,PLNT,NYSE,Planet_Fitness,
Q7226106,AVNT,NYSE,Avient_Corporation,
Q7231939,POR,NYSE,Portland_General_Electric,
Q7233708,PPS,NYSE,Post_Properties,
Q7236674,HRT,NYSE,HireRight,
Q7239519,PCP,NYSE,Precision_Castparts_Corp.,PCP
Q7241774,PBH,NYSE,Prestige_Consumer_Healthcare,
Q7243481,PRI,NYSE,Primerica,
Q7124128,PAGS,NYSE,PagBank,
Q7114733,OMI,NYSE,Accendra_Health,
Q10605824,OTLY,NASDAQ,Oatly,
Q106240666,LAZR,NASDAQ,Luminar_Technologies,
Q106522144,VBIV,NASDAQ,VBI_Vaccines,
Q106768814,APPH,NASDAQ,AppHarvest,
Q107074885,WBD,NASDAQ,Warner_Bros._Discovery,WBD
Q10819817,SILC,NASDAQ,Silicom,
Q10846071,KRKR,NASDAQ,36Kr,
Q10856243,NEGG,NASDAQ,Newegg,
Q11074158,SIMO,NASDAQ,Silicon_Motion,
Q6544620,LOCK,NYSE,LifeLock,
Q7611729,STVN,NYSE,Stevanato_Group,
Q106219885,KSPI,NASDAQ,Kaspi.kz,
Q684825,ALC,NYSE,Alcon,
Q682759,LIN,NYSE,Linde_plc,LIN
Q72539,X,NYSE,U.S._Steel,X
Q5380687,EVC,NYSE,Entravision_Communications,
Q5384453,EFX,NYSE,Equifax,EFX
Q5402870,ETD,NYSE,Ethan_Allen_(company),
Q5416738,EB,NYSE,Eventbrite,
Q5416929,EVR,NYSE,Evercore,
Q5419403,EXM,NYSE,Excel_Maritime,
Q5422801,ELF,NYSE,E.l.f.,
Q5422162,EXR,NYSE,Extra_Space_Storage,EXR
Q5424650,FFG,NYSE,FBL_Financial_Group,
Q5426582,FLY,NYSE,FLY_Leasing,
Q5426765,FNB,NYSE,FNB_Corporation,
Q5427196,FCN,NYSE,FTI_Consulting,
Q5433101,FDO,NYSE,Family_Dollar,FDO
Q5439999,AGM,NYSE,Federal_Agricultural_Mortgage_Corporation,
Q5440684,FHI,NYSE,Federated_Hermes,
Q5445299,FGP,NYSE,Ferrellgas,
Q5445393,FOE,NYSE,Ferro_Corporation,
Q5446775,FGL,NYSE,F&G,
Q5446791,FNF,NYSE,Fidelity_National_Financial,
Q5453249,AUB,NYSE,Atlantic_Union_Bank,
Q5452333,FBP,NYSE,First_BanCorp,
Q5452773,FCF,NYSE,First_Commonwealth_Bank,
Q5453243,AG,NYSE,First_Majestic_Silver,
Q26110522,PNW,NYSE,Pinnacle_West_Capital,PNW
Q26215536,AXTA,NYSE,Axalta,
Q26832896,ADNT,NYSE,Adient,
Q26913624,APRN,NYSE,Blue_Apron,
Q27022329,SNAP,NYSE,Snap_Inc.,
Q27500963,DELL,NYSE,Dell_Technologies,DELL
Q27686100,BLDR,NYSE,Builders_FirstSource,BLDR
Q27919383,FTV,NYSE,Fortive,FTV
Q27964091,ESS,NYSE,Essex_Property_Trust,ESS
Q27988152,FRT,NYSE,Federal_Realty_Investment_Trust,FRT
Q27988239,MAA,NYSE,Mid-America_Apartment_Communities,MAA
Q27988145,POST,NYSE,Post_Holdings,
Q27988153,UDR,NYSE,"UDR,_Inc.",UDR
Q27988208,VRTV,NYSE,Veritiv,
Q28130158,CHWY,NYSE,Chewy_(company),
Q28133993,IBTA,NYSE,Ibotta,
Q28172340,EMWP,NYSE,Eros_Media_World,
Q688687,ECA,NYSE,Encana,
Q686785,RIG,NYSE,Transocean,RIG
Q688725,TECK,NYSE,Teck_Resources,
Q689446,AWI,NYSE,Armstrong_World_Industries,
Q697311,MGA,NYSE,Magna_International,
Q706094,SWK,NYSE,Stanley_Black_&_Decker,SWK
Q691637,GOL,NYSE,Gol_Linhas_Aéreas,
Q28402394,HOMB,NYSE,Home_BancShares,
Q28404585,DCP,NYSE,DCP_Midstream_Partners,
Q28408034,FUBO,NYSE,FuboTV,
Q28444592,OMF,NYSE,OneMain_Financial,
Q28782856,DXC,NYSE,DXC_Technology,DXC
Q29026065,DNA,NYSE,Ginkgo_Bioworks,
Q29469208,SSD,NYSE,Simpson_Manufacturing_Company,
Q29526078,BE,NYSE,Bloom_Energy,
Q29921278,NIO,NYSE,Nio_Inc.,
Q784022,RENN,NYSE,Renren,
Q80635,ARG,NYSE,Airgas,ARG
Q713418,TSM,NYSE,TSMC,
Q707530,CNK,NYSE,Cinemark_Theatres,
Q717531,CHT,NYSE,Chunghwa_Telecom,
Q109030760,DJT,NASDAQ,Trump_Media_&_Technology_Group,
Q107457363,BEAM,NASDAQ,Beam_Therapeutics,BEAM
Q107520260,MTTR,NASDAQ,Matterport,
Q108076472,HYZN,NASDAQ,Hyzon_Motors,
Q108415683,JWEL,NASDAQ,Jowell_Global,
Q108888216,TCBK,NASDAQ,Tri_Counties_Bank,
Q109412509,HSAI,NASDAQ,Hesai_Technology,
Q109680037,TAX,NASDAQ,Franchise_Group,
Q109680037,FRG,NASDAQ,Franchise_Group,
Q110401429,FAT,NASDAQ,FAT_Brands,
Q110670454,DWAC,NASDAQ,Digital_World_Acquisition_Corp.,
Q110670454,DWACU,NASDAQ,Digital_World_Acquisition_Corp.,
Q110670454,DWACW,NASDAQ,Digital_World_Acquisition_Corp.,
Q136374867,OVV,NYSE,Ovintiv,
Q108837504,PGY,NASDAQ,Pagaya_Technologies,
Q107571756,MNMD,NASDAQ,Definium_Therapeutics,
Q138685636,Q,NYSE,Qnity_Electronics,Q
Q107740188,SSTI,NASDAQ,SoundThinking,
Q108670343,RILY,NASDAQ,BRC_Group_Holdings,
Q784804,AN,NYSE,AutoNation,AN
Q787044,ALV,NYSE,Autoliv,
Q790650,AVY,NYSE,Avery_Dennison,AVY
Q791285,AVP,NYSE,Avon_Products,AVP
Q795221,CEO,NYSE,CNOOC_Limited,
Q8027406,WT,NYSE,WisdomTree_Investments,
Q7949044,WCC,NYSE,WESCO_International,
Q7954024,WOW,NYSE,Wide_Open_West,
Q7953597,WNS,NYSE,WNS_Global_Services,
Q7958645,WNC,NYSE,Wabash_National,
Q7958965,WDR,NYSE,Waddell_&_Reed,
Q7964770,WLT,NYSE,Walter_Energy,
Q7968882,WRBY,NYSE,Warby_Parker,
Q7969661,WRC,NYSE,Warnaco_Group,
Q7974766,WSO,NYSE,Watsco,
Q7978891,WBS,NYSE,Webster_Bank,
Q7980370,WMK,NYSE,Weis_Markets,
Q7981065,WCG,NYSE,WellCare,WCG
Q7987107,EVRG,NYSE,Evergy,EVRG
Q7988215,WNR,NYSE,Western_Refining,
Q7995089,WTM,NYSE,White_Mountains_Insurance_Group,
Q8003525,WG,NYSE,Willbros_Group,
Q8025558,WGO,NYSE,Winnebago_Industries,
Q8027166,WEC,NYSE,WEC_Energy_Group,WEC
Q8030548,WWW,NYSE,Wolverine_World_Wide,
Q8034666,WDAY,NYSE,"Workday,_Inc.",WDAY
Q312,AAPL,NASDAQ,Apple_Inc.,AAPL
Q8038212,WEX,NYSE,WEX_Inc.,
Q8040120,WH,NYSE,Wyndham_Hotels_&_Resorts,
Q8042415,XPO,NYSE,"XPO,_Inc.",
Q8044687,XIN,NYSE,Xinyuan_Real_Estate,
Q8053341,YEXT,NYSE,Yext,
Q8059885,YUME,NYSE,YuMe,
Q8069710,ZETA,NYSE,Zeta_Global,
Q8069865,ZVIA,NYSE,Zevia,
Q8072594,ZIP,NYSE,ZipRecruiter,
Q8073337,ZTS,NYSE,Zoetis,ZTS
Q8074747,ZOES,NYSE,Zoës_Kitchen,
Q380,FB,NASDAQ,Meta_Platforms,
Q380,META,NASDAQ,Meta_Platforms,META
Q2283,MSFT,NASDAQ,Microsoft,MSFT
Q7243710,HCHC,NYSE,Innovate_Corp.,
Q7246635,PRA,NYSE,ProAssurance,
Q7248721,PGR,NYSE,Progressive_Corporation,PGR
Q7248824,BIN,NYSE,Waste_Connections_of_Canada,
Q7250893,PB,NYSE,Prosperity_Bancshares,
Q7252351,PVD,NYSE,Provida,
Q7252517,PFS,NYSE,Provident_Bank_of_New_Jersey,
Q7257522,HII,NYSE,Huntington_Ingalls_Industries,HII
Q7259716,PHM,NYSE,PulteGroup,PHM
Q7267707,QIHU,NYSE,Qihoo_360,
Q7268255,QUAD,NYSE,Quad_(company),
Q7268886,PWR,NYSE,Quanta_Services,PWR
Q7271456,DGX,NYSE,Quest_Diagnostics,DGX
Q7271499,STR,NYSE,Questar_Corporation_(gas_company),STR
Q7280290,RDN,NYSE,Radian_Group,
Q7276947,RLI,NYSE,RLI_Corp.,
Q7289304,RPT,NYSE,RPT_Realty,
Q7298901,RJF,NYSE,Raymond_James_Financial,RJF
Q7261135,PSTG,NYSE,Everpure,
Q3884,AMZN,NASDAQ,Amazon_(company),AMZN
Q32396,AAL,NASDAQ,American_Airlines,AAL
Q824278,SIX,NYSE,Six_Flags_(1961–2024),
Q825943,BWA,NYSE,BorgWarner,BWA
Q826526,L,NYSE,Loews_Corporation,L
Q828545,SEAS,NYSE,United_Parks_&_Resorts,
Q828545,PRKS,NYSE,United_Parks_&_Resorts,
Q831445,SNP,NYSE,Sinopec,
Q835456,SLF,NYSE,Sun_Life_Financial,
Q835370,AUY,NYSE,Yamana_Gold,
Q836040,MTW,NYSE,The_Manitowoc_Company,
Q837982,GSH,NYSE,Guangshen_Railway_(company),
Q838716,TLM,NYSE,Talisman_Energy,
Q839466,DPZ,NYSE,Domino's,DPZ
Q841458,ICE,NYSE,Intercontinental_Exchange,ICE
Q844805,DDS,NYSE,Dillard's,
Q847232,URS,NYSE,URS_Corporation,
Q849404,CPA,NYSE,Copa_Airlines,
Q21410960,CSOD,NASDAQ,Cornerstone_OnDemand,
Q21463167,HCP,NASDAQ,HashiCorp,
Q21843099,FRHC,NASDAQ,Freedom_Holding,
Q22060267,AEGN,NASDAQ,Aegion,
Q22058448,MPWR,NASDAQ,Monolithic_Power_Systems,MPWR
Q22079519,CLOV,NASDAQ,Clover_Health,
Q22079529,HROW,NASDAQ,Harrow_Health,
Q22121862,AGTC,NASDAQ,Applied_Genetic_Technologies_Corporation,
Q22121863,ARWR,NASDAQ,Arrowhead_Pharmaceuticals,
Q22121865,CMPR,NASDAQ,Cimpress,
Q22121872,TNDM,NASDAQ,Tandem_Diabetes_Care,
Q22909236,CART,NASDAQ,Instacart,
Q23131313,EDIT,NASDAQ,Editas_Medicine,
Q23133268,MTCH,NASDAQ,Match_Group,MTCH
Q23134166,RP,NASDAQ,RealPage,
Q23679974,ADVM,NASDAQ,Adverum_Biotechnologies,
Q23680003,VRM,NASDAQ,"Vroom,_Inc.",
Q23680018,WTFC,NASDAQ,Wintrust_Financial,
Q23781052,XRAY,NASDAQ,Dentsply_Sirona,XRAY
Q23786068,CLVS,NASDAQ,Clovis_Oncology,
Q24110304,BPYPP,NASDAQ,Brookfield_Property_Partners,
Q24204571,SBNY,NASDAQ,Signature_Bank,SBNY
Q22121866,EXAS,NASDAQ,Exact_Sciences_Corporation,
Q7978457,MECK,NASDAQ,Mecklermedia,
Q7978418,WWWW,NASDAQ,Web.com,
Q7983382,WERN,NASDAQ,Werner_Enterprises,
Q7983629,WSBC,NASDAQ,WesBanco,
Q7984882,WSTC,NASDAQ,Intrado,
Q37158,SBUX,NASDAQ,Starbucks,SBUX
Q20165,NSANY,NASDAQ,Nissan,
Q21077,WMG,NASDAQ,Warner_Music_Group,
Q324603,CPQ,NASDAQ,Compaq,
Q327751,KRFT,NASDAQ,Kraft_Foods,KRFT
Q344341,ATVI,NASDAQ,Activision_Blizzard,ATVI
Q3029296,FFIV,NASDAQ,"F5,_Inc.",FFIV
Q356212,FOSL,NASDAQ,Fossil_Group,FOSL
Q356349,ADEP,NASDAQ,Omron_Adept,
Q373740,BBOX,NASDAQ,Black_Box_Corporation,
Q385452,AVID,NASDAQ,Avid_Technology,
Q390074,HMHC,NASDAQ,Houghton_Mifflin_Harcourt,
Q3031783,ODWA,NASDAQ,Odwalla,
Q3046549,EWBC,NASDAQ,East_West_Bank,
Q3061734,EXA,NASDAQ,Exa_Corporation,
Q3067119,FAST,NASDAQ,Fastenal,FAST
Q3072937,FHB,NASDAQ,First_Hawaiian_Bank,
Q3077586,BILI,NASDAQ,Bilibili,
Q3088784,JMBA,NASDAQ,Jamba_Juice,
Q3093459,GWPH,NASDAQ,GW_Pharmaceuticals,
Q3100337,GEM,NASDAQ,Gemplus_International,
Q3116111,KDP,NASDAQ,Keurig_Dr_Pepper,KDP
Q3116111,GMCR,NASDAQ,Keurig_Dr_Pepper,GMCR
Q3116307,OLED,NASDAQ,Universal_Display_Corporation,
Q3118234,GGAL,NASDAQ,Grupo_Financiero_Galicia,
Q3153706,SNOW,NASDAQ,Intrawest,SNOW
Q3156887,JDSU,NASDAQ,JDSU,
Q3191419,KITD,NASDAQ,Piksel,
Q3216588,LAMR,NASDAQ,Lamar_Advertising_Company,
Q3259819,VDTH,NASDAQ,D2h,
Q3259355,LORL,NASDAQ,Loral_Space_&_Communications,
Q3266649,IPAS,NASDAQ,IPass_Inc.,
Q3277465,SIRI,NASDAQ,SiriusXM,
Q3297271,MYSZY,NASDAQ,Masisa,
Q3301958,OSTK,NASDAQ,Bed_Bath_&_Beyond_(2023–present),
Q3331496,MYGN,NASDAQ,Myriad_Genetics,
Q3344170,UPWK,NASDAQ,Upwork,
Q3370152,PTEN,NASDAQ,Patterson-UTI,
Q3372572,MTEX,NASDAQ,Mannatech,
Q3388421,PPC,NASDAQ,Pilgrim's_Pride,
Q3399307,PTLO,NASDAQ,Portillo's_Restaurants,
Q3403513,PFG,NASDAQ,Principal_Financial_Group,PFG
Q3412325,QLGC,NASDAQ,QLogic,
Q3442791,ROST,NASDAQ,Ross_Stores,ROST
Q3459777,SMTC,NASDAQ,Semtech,
Q3492619,SONO,NASDAQ,Sonos,
Q3511885,TMUS,NASDAQ,T-Mobile_US,TMUS
Q3511946,TROW,NASDAQ,T._Rowe_Price,TROW
Q3520257,PLCE,NASDAQ,The_Children's_Place,
Q3535949,WLTW,NASDAQ,Towers_Watson,WLTW
Q3535948,TWER,NASDAQ,Towerstream,
Q3536160,WBMD,NASDAQ,WebMD,
Q3552887,OSPN,NASDAQ,OneSpan,
Q3552193,URBN,NASDAQ,Urban_Outfitters,URBN
Q3598926,JD,NASDAQ,JD.com,
Q204727,ALXN,NASDAQ,Alexion_Pharmaceuticals,ALXN
Q205378,ZION,NASDAQ,Zions_Bancorporation,ZION
Q210780,FMCN,NASDAQ,Focus_Media,
Q213849,ATYT,NASDAQ,ATI_Technologies,
Q214346,VIAB,NASDAQ,Viacom_(2005–2019),VIAB
Q214346,VIA,NASDAQ,Viacom_(2005–2019),
Q8027406,WETF,NASDAQ,WisdomTree_Investments,
Q7985852,WMAR,NASDAQ,West_Marine,
Q7987345,WSTL,NASDAQ,Westell,
Q7989598,WPRT,NASDAQ,Westport_Innovations,
Q7998742,BREW,NASDAQ,Widmer_Brothers_Brewery,
Q8003328,WVVI,NASDAQ,Willamette_Valley_Vineyards,
Q8024771,WIN,NASDAQ,Windstream_Holdings,WIN
Q8025339,WING,NASDAQ,Wingstop,
Q8033550,WWD,NASDAQ,"Woodward,_Inc.",
Q8034666,WDAY,NASDAQ,"Workday,_Inc.",WDAY
Q8041701,DGII,NASDAQ,XBee,
Q8041964,XGTI,NASDAQ,Vislink_Technologies,
Q8044589,XSEL,NASDAQ,Xinhua_Sports_&_Entertainment,
Q8044589,XFML,NASDAQ,Xinhua_Sports_&_Entertainment,
Q8046013,YELL,NASDAQ,Yellow_Corporation,
Q8046013,YRCW,NASDAQ,Yellow_Corporation,
Q8070896,ZHNE,NASDAQ,Zhone,
Q8071921,ZG,NASDAQ,Zillow,
Q8071921,Z,NASDAQ,Zillow,
Q8044926,XOOM,NASDAQ,Xoom_(money_transfer_service),
Q2300605,CMTO,NASDAQ,Com21,
Q2303478,SNPS,NASDAQ,Synopsys,SNPS
Q2353849,LOCO,NASDAQ,El_Pollo_Loco,
Q2365235,OZON,NASDAQ,Ozon,
Q2373884,SYKE,NASDAQ,Sykes_Enterprises,
Q2388717,CMVT,NASDAQ,Comverse_Technology,
Q2424396,BRCD,NASDAQ,Brocade_Communications_Systems,
Q2443320,SOXX,NASDAQ,PHLX_Semiconductor_Sector,
Q2443609,ZBRA,NASDAQ,Zebra_Technologies,ZBRA
Q20022777,SAFM,NASDAQ,Sanderson_Farms,
Q20047296,MGLN,NASDAQ,Magellan_Health,
Q20065324,PCYC,NASDAQ,Pharmacyclics,
Q20136005,SKIL,NASDAQ,Skillsoft,
Q20311716,AXGT,NASDAQ,Sio_Gene_Therapies,
Q20486933,CHRD,NASDAQ,Chord_Energy,
Q20709176,ALCO,NASDAQ,"Alico,_Inc.",
Q20708654,OZK,NASDAQ,Bank_OZK,
Q20708193,LOB,NASDAQ,Live_Oak_Bank,
Q20714323,DASH,NASDAQ,DoorDash,DASH
Q20711490,LKQ,NASDAQ,LKQ_Corporation,LKQ
Q20714950,PRIM,NASDAQ,Primoris_Services_Corporation,
Q20800404,GOOGL,NASDAQ,Alphabet_Inc.,GOOGL
Q20800404,GOOG,NASDAQ,Alphabet_Inc.,GOOG
Q2450081,GLUU,NASDAQ,Glu_Mobile,
Q8074134,GTM,NASDAQ,ZoomInfo,
Q79583223,SOPH,NASDAQ,Sophia_Genetics,
Q8072576,ZION,NASDAQ,Zions_Bank,ZION
Q8072579,ZION,NASDAQ,Zions_Direct,ZION
Q8072593,RLGY,NASDAQ,ZipRealty,
Q8074159,ZOOM,NASDAQ,Zoom_Telephonics,
Q8074786,ZS,NASDAQ,Zscaler,ZS
Q8075252,ZUMZ,NASDAQ,Zumiez,
Q8075855,ZIGO,NASDAQ,Zygo_Corporation,
Q8085893,EXPE,NASDAQ,Expedia_Group,EXPE
Q80978,HPQ,NYSE,Hewlett-Packard,HPQ
Q8178679,MSFG,NASDAQ,MainSource_Bank,
Q85607259,GDEV,NASDAQ,GDEV,
Q85727717,ONEM,NASDAQ,One_Medical,
Q85769888,IOVA,NASDAQ,Iovance_Biotherapeutics,
Q85770729,JAMF,NASDAQ,Jamf,
Q85786082,MNTS,NASDAQ,Momentus_space,
Q85811579,UIHC,NASDAQ,UPC_Insurance,
Q81230,SI,NYSE,Siemens,
Q20873932,GRAB,NASDAQ,Grab_Holdings,
Q21070725,DFRG,NASDAQ,Del_Frisco's_Restaurant_Group,
Q21161576,FAZE,NASDAQ,FaZe_Clan,
Q21189310,DKNG,NASDAQ,DraftKings,
Q21189117,WDFC,NASDAQ,WD-40_Company,
Q21189883,WLTW,NASDAQ,Willis_Towers_Watson,WLTW
Q21189883,WTW,NASDAQ,Willis_Towers_Watson,WTW
Q21233433,BMBL,NASDAQ,Bumble,
Q81965,GM,NYSE,General_Motors,GM
Q810773,BBWI,NYSE,Bath_&_Body_Works,BBWI
Q811857,BLCO,NYSE,Bausch_&_Lomb,
Q813780,BDX,NYSE,BD_(company),BDX
Q815327,BDC,NYSE,Belden_Incorporated,
Q816379,BMS,NYSE,Bemis_Company,BMS
Q808908,GOLD,NYSE,Barrick_Mining,
Q818846,NVO,NYSE,Novo_Nordisk,
Q821293,RIO,NYSE,Rio_Tinto_(corporation),
Q822614,ALK,NYSE,Alaska_Airlines,ALK
Q223407,NOVL,NASDAQ,Novell,
Q215639,OPRA,NASDAQ,Opera_(company),
Q220485,ZRAN,NASDAQ,Zoran_Corporation,
Q223127,LOGI,NASDAQ,Logitech,
Q8093,NTDOY,NASDAQ,Nintendo,
Q30256843,BLUE,NASDAQ,Bluebird_bio,
Q30272258,ALGN,NASDAQ,Align_Technology,ALGN
Q30282590,PGEN,NASDAQ,Precigen,
Q30285756,RKDA,NASDAQ,Arcadia_Biosciences,
Q30283314,CYTK,NASDAQ,Cytokinetics,
Q30292482,VXRT,NASDAQ,Vaxart,
Q30289308,VSTM,NASDAQ,Verastem_Oncology,
Q30321616,AABA,NASDAQ,Altaba,
Q30591272,HALO,NASDAQ,Halozyme,
Q30588251,PPBI,NASDAQ,Pacific_Premier_Bancorp,
Q30635731,CBOE,NASDAQ,Cboe_Global_Markets,CBOE
Q30640316,GDRX,NASDAQ,GoodRx,
Q33129672,LOPE,NASDAQ,Grand_Canyon_Education,
Q3630923,MMYT,NASDAQ,MakeMyTrip,
Q3792482,PCO,NASDAQ,Pendrell_Corporation,
Q39045496,BFI,NASDAQ,BurgerFi,
Q3901581,IBKR,NASDAQ,Interactive_Brokers_Group,IBKR
Q39052929,BHF,NASDAQ,Brighthouse_Financial,BHF
Q39052499,TNXP,NASDAQ,Tonix_Pharmaceuticals,
Q2004423,FEIC,NASDAQ,FEI_Company,
Q2003999,SIMG,NASDAQ,Silicon_Image,
Q242345,S500,NASDAQ,S&P_500,
Q787324,BEAS,NASDAQ,BEA_Systems,
Q790060,AVGO,NASDAQ,Broadcom,AVGO
Q795300,PLKI,NASDAQ,Popeyes_Louisiana_Kitchen_Inc.,
Q798819,HBAN,NASDAQ,Huntington_Bancshares,HBAN
Q818314,BSY,NASDAQ,Bentley_Systems,
Q824467,PRXL,NASDAQ,Parexel,
Q829961,FORR,NASDAQ,Forrester_Research,
Q813782,BBBY,NASDAQ,Bed_Bath_&_Beyond_(1987–2023),BBBY
Q2013404,ORIG,NASDAQ,Ocean_Rig,
Q2021416,VLCM,NASDAQ,Volcom,
Q2025791,OTEX,NASDAQ,OpenText,
Q2034659,EXTR,NASDAQ,Extreme_Networks,
Q2056977,IGTE,NASDAQ,IGATE,
Q2063056,NBI,NASDAQ,NASDAQ_Biotechnology_Index,
Q2068984,ILMN,NASDAQ,"Illumina,_Inc.",ILMN
Q2069413,GNOM,NASDAQ,Complete_Genomics,
Q2069106,PACB,NASDAQ,Pacific_Biosciences,
Q2087612,TCX,NASDAQ,Tucows,INFO
Q2091479,NICE,NASDAQ,NiCE,
Q847743,DNKN,NASDAQ,Dunkin'_Donuts,
Q839555,LE,NASDAQ,Lands'_End,
Q842947,CELG,NASDAQ,Celgene,CELG
Q846743,ORBK,NASDAQ,Orbotech,
Q2113906,PWX,NASDAQ,Providence_and_Worcester_Railroad,
Q2124539,RRD,NASDAQ,RR_Donnelley,RRD
Q2128566,CMPR,NASDAQ,Vistaprint,
Q2162158,BOKF,NASDAQ,BOK_Financial_Corporation,
Q2228136,RECN,NASDAQ,Resources_Global_Professionals,
Q2241604,PANDORA,NASDAQ,Pandora_(jewelry),
Q2274089,WYNN,NASDAQ,Wynn_Resorts,WYNN
Q2286044,SLAB,NASDAQ,Silicon_Labs,
Q2288792,SBGI,NASDAQ,Sinclair_Broadcast_Group,
Q2297063,TRMB,NASDAQ,Trimble_Inc.,TRMB
Q7863116,USCB,NASDAQ,U.S._Century_Bank,
Q7865844,USAT,NASDAQ,"Cantaloupe,_Inc.",
Q7865088,UMBF,NASDAQ,UMB_Financial_Corporation,
Q7876045,UTSI,NASDAQ,UTStarcom,
Q7880076,ULTA,NASDAQ,Ulta_Beauty,ULTA
Q7880250,ULTI,NASDAQ,Ultimate_Software,
Q7881772,UMPQ,NASDAQ,Umpqua_Holdings_Corporation,
Q7885165,DAEG,NASDAQ,Daegis_Inc.,
Q7884714,ENLV,NASDAQ,Unicast_Company,
Q7887635,UCBI,NASDAQ,United_Community_Bank,
Q7888979,UNFI,NASDAQ,United_Natural_Foods,
Q7893563,USTR,NASDAQ,Essendant,
Q7893954,UFPI,NASDAQ,UFP_Industries,
Q7899307,UPST,NASDAQ,Upstart_Holdings,
Q7906620,WOOF,NASDAQ,VCA_Animal_Hospitals,
Q7907548,VSEC,NASDAQ,VSE_Corporation,
Q7907666,VWR,NASDAQ,VWR_International,
Q851641,EQIX,NASDAQ,Equinix,EQIX
Q852787,GRPN,NASDAQ,Groupon,
Q7912737,VALU,NASDAQ,Value_Line,
Q7920749,VRA,NASDAQ,Vera_Bradley,
Q7921231,VRNM,NASDAQ,Verenium_Corporation,
Q7921363,VRNT,NASDAQ,Verint_Systems,
Q7921370,VRSK,NASDAQ,Verisk_Analytics,VRSK
Q7924358,VSAT,NASDAQ,Viasat_(American_company),
Q7925565,VICR,NASDAQ,Vicor_Corporation,
Q7931283,VIMC,NASDAQ,Vimicro,
Q7934840,VPHM,NASDAQ,ViroPharma,
Q7934906,VIRT,NASDAQ,Virtu_Financial,
Q7935247,VRTS,NASDAQ,Virtus_Investment_Partners,
Q7936709,VITC,NASDAQ,Vitacost,
Q7937048,VTSS,NASDAQ,Vitesse_Semiconductor,
Q7937957,VVUS,NASDAQ,Vivus,
Q7939183,CALL,NASDAQ,VocalTec,
Q7943131,VRNG,NASDAQ,Vringo,
Q7943726,VUZI,NASDAQ,Vuzix,
Q7954203,WPCS,NASDAQ,WPCS_International,
Q7955609,WSFS,NASDAQ,WSFS_Bank,
Q7960224,WAIN,NASDAQ,Wainwright_Bank,
Q7971859,WAFD,NASDAQ,WaFd_Bank,
Q212235,AIG,NYSE,American_International_Group,AIG
Q212322,GSK,NYSE,GSK_plc,
Q212405,PG,NYSE,Procter_&_Gamble,PG
Q212433,AVYA,NYSE,Avaya,
Q212900,LEH,NYSE,Lehman_Brothers,
Q214763,COP,NYSE,ConocoPhillips,COP
Q217583,BRK.B,NYSE,Berkshire_Hathaway,BRK-B
Q217583,BRK.A,NYSE,Berkshire_Hathaway,
Q219508,C,NYSE,Citigroup,C
Q219635,BLK,NYSE,BlackRock,BLK
Q221062,DD,NYSE,DuPont,DD
Q224751,LII,NYSE,Lennox_International,LII
Q225440,CLS,NYSE,Celestica,
Q238765,ATK,NYSE,Alliant_Techsystems,
Q242345,S500,NYSE,S&P_500,
Q245343,BCS,NYSE,Barclays,
Q247489,MRK,NYSE,Merck_&_Co.,MRK
Q850451,YZC,NYSE,Yankuang_Energy_Group,
Q851361,HUN,NYSE,Huntsman_Corporation,
Q853958,DCM,NYSE,NTT_Docomo,
Q855639,DOW,NYSE,Dow_Chemical_Company,DOW
Q856411,BTI,NYSE,British_American_Tobacco,
Q861042,WU,NYSE,Western_Union,WU
Q856897,K,NYSE,Kellanova,K
Q2103926,UNH,NYSE,UnitedHealth_Group,UNH
Q2108251,PDS,NYSE,Precision_Drilling,
Q2114414,PRU,NYSE,Prudential_Financial,PRU
Q2119898,DNR,NYSE,Denbury_Resources,DNR
Q2124539,RRD,NYSE,RR_Donnelley,RRD
Q2140077,TRCO,NYSE,Tribune_Media,
Q7431916,SCHN,NASDAQ,Radius_Recycling,
Q7433758,SGMS,NASDAQ,Light_&_Wonder,
Q7432923,SDGR,NASDAQ,"Schrödinger,_Inc.",
Q7444830,SCWX,NASDAQ,Secureworks,
Q7447640,SNBR,NASDAQ,Sleep_Number,
Q7449678,AMAT,NASDAQ,Semitool,AMAT
Q7414,DIS,NYSE,The_Walt_Disney_Company,DIS
Q731938,AZN,NYSE,AstraZeneca,
Q731912,CARR,NYSE,Carrier_Global,CARR
Q470517,AMGN,NASDAQ,Amgen,AMGN
Q472536,AMKR,NASDAQ,Amkor_Technology,
Q474383,BLDP,NASDAQ,Ballard_Power_Systems,
Q474570,TQNT,NASDAQ,TriQuint_Semiconductor,
Q477993,IHRT,NASDAQ,IHeartMedia,
Q7168146,PRFT,NASDAQ,Perficient,
Q7169774,PERY,NASDAQ,Perry_Ellis_International,
Q7171526,PETS,NASDAQ,PetMed_Express,
Q7180736,PPD,NASDAQ,"PPD,_Inc.",
Q7187948,PLAB,NASDAQ,Photronics,
Q7191691,PIR,NASDAQ,Pier_1_Imports,
Q7196294,PNFP,NASDAQ,Pinnacle_Financial_Partners,
Q7205253,PLUG,NASDAQ,Plug_Power,
Q7205567,PLUR,NASDAQ,Pluri_Inc.,
Q7208364,PNTR,NASDAQ,Pointer_Telocation,
Q7208625,PTEK,NASDAQ,Pokertek,
Q7229656,BPOP,NASDAQ,"Popular,_Inc.",
Q7234777,PBPB,NASDAQ,Potbelly_Sandwich_Shop,
Q7234972,PCH,NASDAQ,PotlatchDeltic,
Q7236078,POWL,NASDAQ,Powell_Industries,
Q7239836,PFBC,NASDAQ,Preferred_Bank,
Q7240292,PRXI,NASDAQ,Premier_Exhibitions,
Q7242653,BKNG,NASDAQ,Priceline.com,BKNG
Q7242563,PSMT,NASDAQ,PriceSmart,
Q7247211,PKT,NASDAQ,Procera_Networks,
Q7248285,PFIE,NASDAQ,Profire_Energy,
Q7250583,RNA,NASDAQ,Prosensa,
Q7251172,LFVN,NASDAQ,Protandim,
Q7256219,PMD,NASDAQ,Psychemedics_Corporation,
Q7265394,QCRH,NASDAQ,QCR_Holdings,
Q7268798,QBAK,NASDAQ,Qualstar,
Q7268803,XM,NASDAQ,Qualtrics,
Q7268802,QLYS,NASDAQ,Qualys,
Q3973262,SRCL,NASDAQ,Stericycle,SRCL
Q3975878,SSYS,NASDAQ,Stratasys,
Q4019844,WHLM,NASDAQ,Wilhelmina_Models,
Q4033073,ARRS,NASDAQ,Arris_International,
Q4037686,DNKN,NASDAQ,Dunkin'_Brands,
Q4041316,PI,NASDAQ,Impinj,
Q4041705,JBHT,NASDAQ,J._B._Hunt,JBHT
Q4045074,NWLI,NASDAQ,National_Western_Life,
Q4045079,NATR,NASDAQ,Nature's_Sunshine_Products,
Q4047174,PSNY,NASDAQ,Polestar,
Q7272057,QNST,NASDAQ,QuinStreet,
Q7275093,RADA,NASDAQ,RADA_Electronic_Industries,
Q7280047,RDCM,NASDAQ,Radcom_Ltd.,
Q7280388,RADAF,NASDAQ,Radica_Games,
Q7280388,RADA,NASDAQ,Radica_Games,
Q7280252,RSYS,NASDAQ,Radisys,
Q7277601,RPXC,NASDAQ,RPX_Corporation,
Q7280957,ROIA,NASDAQ,Urban_One,
Q7280957,UONEK,NASDAQ,Urban_One,
Q7280957,UONE,NASDAQ,Urban_One,
Q7296403,RAVN,NASDAQ,Raven_Industries,
Q7304886,RRGB,NASDAQ,Red_Robin,
Q7305846,RDFN,NASDAQ,Redfin,
Q7308054,REGN,NASDAQ,Regeneron_Pharmaceuticals,REGN
Q7309349,RCOM,NASDAQ,Register.com,
Q7312262,REMY,NASDAQ,Remy_International,
Q7313510,RENT,NASDAQ,Rent_the_Runway,
Q7313497,RCII,NASDAQ,Rent-A-Center,
Q7313537,RTK,NASDAQ,Rentech,
Q7313561,RENT,NASDAQ,Rentrak,
Q7314050,ATTU,NASDAQ,RepliWeb,
Q7314387,RBCAA,NASDAQ,Republic_Bank_&_Trust_Company,
Q7319192,REXX,NASDAQ,Rex_Energy,
Q7322037,RITT,NASDAQ,RiT_Technologies,
Q7331170,RICK,NASDAQ,RCI_Hospitality_Holdings,
Q7276995,RMGN,NASDAQ,Korbyt,
Q4047452,PFPT,NASDAQ,"Proofpoint,_Inc.",
Q4047736,QIWI,NASDAQ,Qiwi,
Q4049749,VIRL,NASDAQ,Sonic_Focus,
Q4119347,ATX,NASDAQ,A._T._Cross_Company,
Q4118850,RAVE,NASDAQ,Pizza_Inn,
Q4189507,CATY,NASDAQ,Cathay_Bank,
Q4356115,IMBI,NASDAQ,ShopHQ,
Q4376955,SABR,NASDAQ,Sabre_Corporation,
Q4403264,CTCM,NASDAQ,CTC_Media,
Q4474231,JAKK,NASDAQ,Jakks_Pacific,
Q4492609,CBRL,NASDAQ,Cracker_Barrel,
Q73312516,SWVL,NASDAQ,Swvl,
Q7338847,RIVN,NASDAQ,Rivian,
Q7339697,ROAD,NASDAQ,Caliber_System,
Q7355463,INDB,NASDAQ,Rockland_Trust,
Q7355744,RCKY,NASDAQ,Rocky_Brands,
Q7355878,RMCF,NASDAQ,Rocky_Mountain_Chocolate,
Q7360089,ROKU,NASDAQ,"Roku,_Inc.",
Q7368685,ROSG,NASDAQ,Rosetta_Genomics,
Q7374224,RGLD,NASDAQ,Royal_Gold,
Q7382830,RUTH,NASDAQ,Ruth's_Hospitality_Group,
Q7388926,SBAC,NASDAQ,SBA_Communications,SBAC
Q7389686,SEIC,NASDAQ,SEI_Investments_Company,
Q7390195,SHFL,NASDAQ,SHFL_Entertainment,
Q7391381,SMTX,NASDAQ,SMTC_Corporation,
Q7391384,SMTP,NASDAQ,"SMTP,_Inc.",
Q7392074,SBLU,NASDAQ,SONICblue_Incorporated,
Q7392916,SSNC,NASDAQ,SS&C_Technologies,
Q7399844,SAIA,NASDAQ,Saia,
Q7404876,SLXP,NASDAQ,Salix_Pharmaceuticals,
Q7417809,SGMO,NASDAQ,Sangamo_Therapeutics,
Q28154806,MB,NASDAQ,Mindbody_Inc.,
Q28048853,WINA,NASDAQ,Winmark,
Q28155430,ACGL,NASDAQ,Arch_Capital_Group,ACGL
Q28175069,GHDX,NASDAQ,Genomic_Health,
Q28222794,BL,NASDAQ,BlackLine_Systems,
Q28209837,ALDR,NASDAQ,Lundbeck_Seattle_Biopharmaceuticals,
Q28222763,VIAV,NASDAQ,Viavi_Solutions,
Q28402394,HOMB,NASDAQ,Home_BancShares,
Q28402389,SFNC,NASDAQ,Simmons_Bank,
Q28407181,ACHC,NASDAQ,Acadia_Healthcare,
Q28405615,ARVL,NASDAQ,Arrival_(company),
Q28405655,EVER,NASDAQ,EverQuote,
Q28406599,WKHS,NASDAQ,Workhorse_Group,
Q28446528,RNST,NASDAQ,Renasant_Bank,
Q28877490,PBYI,NASDAQ,Puma_Biotechnology,
Q29098065,SLGC,NASDAQ,SomaLogic,
Q29096796,ZFOX,NASDAQ,ZeroFox,
Q29641502,AWRE,NASDAQ,"Aware,_Inc.",
Q30256699,BNTX,NASDAQ,BioNTech,
Q864407,HD,NYSE,Home_Depot,HD
Q863127,IRF,NYSE,International_Rectifier,
Q863675,FSL,NYSE,Freescale_Semiconductor,
Q2140315,TXT,NYSE,Textron,TXT
Q2142669,ABEV,NYSE,Ambev,
Q2144525,SNI,NYSE,Scripps_Networks_Interactive,SNI
Q2157448,RHI,NYSE,Robert_Half,RHI
Q2171646,JBL,NYSE,Jabil,JBL
Q2178198,R,NYSE,Ryder,R
Q2188613,CMBT,NYSE,CMB.TECH,
Q868587,MHFI,NYSE,S&P_Global,
Q868587,SPGI,NYSE,S&P_Global,SPGI
Q871700,UAL,NYSE,United_Airlines_Holdings,UAL
Q877536,EMC,NYSE,EMC_Corporation,EMC
Q880296,BKH,NYSE,Black_Hills_Corporation,
Q880942,BX,NYSE,Blackstone_Inc.,BX
Q893221,BAH,NYSE,Booz_Allen_Hamilton,
Q894558,SAM,NYSE,Boston_Beer_Company,
Q894585,BSX,NYSE,Boston_Scientific,BSX
Q897097,BRC,NYSE,Brady_Corporation,
Q898208,HON,NYSE,Honeywell,HON
Q2287759,SPG,NYSE,Simon_Property_Group,SPG
Q2299611,YELP,NYSE,Yelp,
Q2302402,GRND,NYSE,Grindr,
Q2304693,SO,NYSE,Southern_Company,SO
Q2305438,TLK,NYSE,Telkom_Indonesia,
Q2207629,SPXC,NYSE,SPX_Technologies,
Q898750,TEVA,NYSE,Teva_Pharmaceuticals,
Q899022,EMN,NYSE,Eastman_Chemical_Company,EMN
Q899130,BTM,NYSE,Brasil_Telecom,
Q899097,BRFS,NYSE,BRF_S.A.,
Q899133,TAK,NYSE,Takeda_Pharmaceutical_Company,
Q899183,FMC,NYSE,FMC_Corporation,FMC
Q899255,LYB,NYSE,LyondellBasell,LYB
Q899395,BAK,NYSE,Braskem,
Q902397,CAH,NYSE,Cardinal_Health,CAH
Q902908,POT,NYSE,PotashCorp,
Q903372,OGN,NYSE,Organon_&_Co.,OGN
Q2308517,TRK,NYSE,Speedway_Motorsports,
Q2319810,STJ,NYSE,St._Jude_Medical,STJ
Q2331913,STN,NYSE,Stantec,
Q2335199,BMA,NYSE,Banco_Macro,
Q2357515,SYK,NYSE,Stryker_Corporation,SYK
Q2376711,SYY,NYSE,Sysco,SYY
Q2393592,IIT,NYSE,Indosat,
Q2404292,TER,NYSE,Teradyne,TER
Q2414097,SMG,NYSE,Scotts_Miracle-Gro_Company,
Q2417728,KRA,NYSE,Kraton_(polymer),
Q2423252,ITCL,NYSE,Itaú_(Chile),
Q903957,ICL,NYSE,ICL_Group_Ltd.,
Q905806,CF,NYSE,CF_Industries,CF
Q906055,IX,NYSE,Orix,
Q905998,SSL,NYSE,Sasol,
Q906187,AGN,NYSE,Allergan,AGN
Q907227,NDZ,NYSE,Nordion,
Q908324,BAM,NYSE,Brookfield_Corporation,
Q2438391,CEC,NYSE,Chuck_E._Cheese,
Q2438391,CHKY,NYSE,Chuck_E._Cheese,
Q2448801,TAC,NYSE,TransAlta,
Q2449642,TGS,NYSE,Transportadora_de_Gas_del_Sur,
Q2450722,CEL,NYSE,Cellcom_(Israel),
Q2466256,USM,NYSE,U.S._Cellular,
Q2470307,GES,NYSE,Guess_(company),
Q735261,RY,NYSE,Royal_Bank_of_Canada,
Q739084,USB,NYSE,U.S._Bancorp,USB
Q741707,WAB,NYSE,Wabtec,WAB
Q739518,AON,NYSE,Aon_plc,AON
Q744149,WFC,NYSE,Wells_Fargo,WFC
Q745099,KYO,NYSE,Kyocera,
Q742196,DRI,NYSE,Darden_Restaurants,DRI
Q744683,BEN,NYSE,Franklin_Templeton,BEN
Q750124,CBT,NYSE,Cabot_Corporation,
Q753521,KATE,NYSE,Kate_Spade_&_Company,
Q761965,BAX,NYSE,Baxter_International,BAX
Q764321,OBE,NYSE,Obsidian_Energy,
Q768773,MSCI,NYSE,MSCI,MSCI
Q771865,SPB,NYSE,Spectrum_Brands,
Q772813,UNVR,NYSE,Univar_Solutions,
Q778126,I,NYSE,Intelsat,
Q7301358,HOUS,NYSE,Anywhere_Real_Estate,
Q7299366,RYN,NYSE,Rayonier,
Q780442,UBER,NYSE,Uber,UBER
Q4545752,FLWS,NASDAQ,"1-800-Flowers.com,_Inc.",
Q4546965,MDB,NASDAQ,MongoDB_Inc.,MDB
Q4596288,FCCY,NASDAQ,1st_Constitution_Bancorp,
Q4633233,TWOU,NASDAQ,2U_(company),
Q4645515,EGHT,NASDAQ,8x8,
Q4650685,ACIW,NASDAQ,ACI_Worldwide,
Q4651203,ADTN,NASDAQ,Adtran,
Q4653724,ARIA,NASDAQ,ARIAD_Pharmaceuticals,
Q4667884,ABMD,NASDAQ,Abiomed,ABMD
Q4670840,ACTG,NASDAQ,Acacia_Research,
Q4671580,ACAD,NASDAQ,Acadia_Pharmaceuticals,
Q4672315,ACCL,NASDAQ,BIOVIA,
Q4674399,APKT,NASDAQ,Acme_Packet,
Q4674531,ACOR,NASDAQ,Acorda_Therapeutics,
Q4674547,ACFN,NASDAQ,Acorn_Energy,
Q4682079,ADELQ,NASDAQ,Adelphia_Communications_Corporation,
Q4686194,AEIS,NASDAQ,Advanced_Energy,
Q4686419,ADXS,NASDAQ,Advaxis,
Q4686442,ADVS,NASDAQ,SS&C_Advent,
Q4692116,AGEN,NASDAQ,Agenus,
Q4698090,AIRM,NASDAQ,Air_Methods,
Q4677436,ACTS,NASDAQ,Actions_Technology,
Q4652575,AMCX,NASDAQ,AMC_Global_Media,
Q7314903,RMD,NYSE,ResMed,RMD
Q7376642,RKUS,NYSE,Ruckus_Networks,
Q7301386,O,NYSE,Realty_Income,O
Q7304530,RLH,NYSE,Red_Lion_Hotels_Corporation,
Q7307899,RRX,NYSE,Regal_Rexnord,
Q7308000,REG,NYSE,Regency_Centers,REG
Q7309325,RGS,NYSE,Regis_Corporation,
Q7311031,RS,NYSE,"Reliance,_Inc.",
Q7314415,RSG,NYSE,Republic_Services,RSG
Q7316207,RH,NYSE,RH_(company),
Q7334682,RNG,NYSE,RingCentral,
Q7336661,RBA,NYSE,RB_Global,
Q7339697,CBB,NYSE,Caliber_System,
Q7361273,ROL,NYSE,"Rollins,_Inc.",ROL
Q7368695,RST,NYSE,Rosetta_Stone_Inc.,
Q7377461,ONTO,NYSE,Onto_Innovation,
Q7385029,RYI,NYSE,Ryerson_(company),
Q7385192,RHP,NYSE,Ryman_Hospitality_Properties,
Q7389067,SCG,NYSE,SCANA,SCG
Q7391016,SLG,NYSE,SL_Green_Realty,SLG
Q7405065,SBH,NYSE,Sally_Beauty_Holdings,
Q7415751,SD,NYSE,SandRidge_Energy,
Q7416970,SAND,NYSE,Sandstorm_Gold,
Q7431894,SNDR,NYSE,Schneider_National,
Q7440621,SEE,NYSE,Sealed_Air,SEE
Q7449804,SRE,NYSE,Sempra,SRE
Q7451039,SXT,NYSE,Sensient_Technologies,
Q7452488,SQNM,NYSE,Sequenom,
Q7455653,NOW,NYSE,ServiceNow,NOW
Q7501150,SHOP,NYSE,Shopify,
Q7512923,SIG,NYSE,Signet_Jewelers,SIG
Q7516654,SVM,NYSE,Silvercorp_Metals,
Q7554565,SOGO,NYSE,Sogou,
Q7554758,SHCO,NYSE,Soho_House_(club),
Q7555837,SWI,NYSE,SolarWinds,
Q7561788,SAH,NYSE,Sonic_Automotive,
Q7562151,SON,NYSE,Sonoco,
Q4738904,AFSI,NASDAQ,AmTrust_Financial_Services,
Q43303430,TWST,NASDAQ,Twist_Bioscience,
Q4698227,ATSG,NASDAQ,Air_Transport_Services_Group,
Q4708382,ALRM,NASDAQ,Alarm.com,
Q4708516,ALSK,NASDAQ,Alaska_Communications,
Q47120756,NBIS,NASDAQ,Nebius_Group,
Q4726659,ALIM,NASDAQ,Alimera_Sciences,
Q4727688,ALKS,NASDAQ,Alkermes_plc,
Q4732492,LNT,NASDAQ,Alliant_Energy,LNT
Q4733161,ALLT,NASDAQ,Allot_Ltd.,
Q4736257,ATON,NASDAQ,Alteon_WebSystems,
Q4733274,MDRX,NASDAQ,Veradigm,
Q4736965,ALTO,NASDAQ,Altos_Computer_Systems,
Q4740289,AMRN,NASDAQ,Amarin_Corporation,
Q4741030,AMBA,NASDAQ,Ambarella_Inc.,
Q4741141,EPAX,NASDAQ,Ambassadors_Group,
Q4742102,AMED,NASDAQ,Amedisys,
Q4742937,AAL,NASDAQ,American_Airlines_Group,AAL
Q4742937,AAL,NASDAQ,American_Airlines_Group,AAL
Q4742486,ASRV,NASDAQ,AmeriServ_Financial,
Q4744566,ANAT,NASDAQ,American_National_Insurance_Company,
Q741046,PRGS,NASDAQ,Progress_Software,
Q4744658,LPNT,NASDAQ,American_Pathology_Partners,
Q4744841,AMRB,NASDAQ,American_River_Bank,
Q4744953,ASEI,NASDAQ,American_Science_and_Engineering,
Q4745391,AMWD,NASDAQ,American_Woodmark,
Q4751068,ALOG,NASDAQ,Analogic_Corporation,
Q4763176,ANGI,NASDAQ,Angi_Inc.,
Q4771754,ANTH,NASDAQ,Anthera_Pharmaceuticals,
Q4781558,AMCC,NASDAQ,Applied_Micro_Circuits_Corporation,
Q41187,SONY,NYSE,Sony,
Q7673435,DATA,NYSE,Tableau_Software,
Q7567571,SJI,NYSE,South_Jersey_Industries,
Q7569806,SCCO,NYSE,Southern_Copper_Corporation,
Q7571280,SWX,NYSE,Southwest_Gas,
Q7571413,SWN,NYSE,Southwestern_Energy,SWN
Q7575161,SE,NYSE,Spectra_Energy,SE
Q7582097,SQSP,NYSE,Squarespace,
Q7588561,JOE,NYSE,St._Joe_Company,
Q7597518,SFG,NYSE,StanCorp_Financial_Group,
Q7615829,STC,NYSE,Stewart_Information_Services_Corporation,
Q7616390,SF,NYSE,Stifel,
Q7617297,SWC,NYSE,Stillwater_Mining_Company,
Q7638250,SUI,NYSE,Sun_Communities,
Q7662493,SNX,NYSE,Synnex,
Q7663801,GIC,NYSE,Global_Industrial_Company,
Q7669886,AMTD,NYSE,TD_Ameritrade,
Q7669940,TE,NYSE,TECO_Energy,TE
Q7675621,TAHO,NYSE,Tahoe_Resources,
Q7682888,SKT,NYSE,Tanger_Inc.,
Q7685824,TRGP,NYSE,Targa_Resources,TRGP
Q400384,SID,NYSE,Companhia_Siderúrgica_Nacional,
Q407744,APD,NYSE,Air_Products,APD
Q420822,GAP,NYSE,Gap_Inc.,GPS
Q427881,RCL,NYSE,Royal_Caribbean_Group,RCL
Q428977,PBI,NYSE,Pitney_Bowes,PBI
Q2466838,SMT,NASDAQ,Smart_Technologies,
Q2483225,DALN,NASDAQ,DallasNews_Corporation,
Q2495283,UNTD,NASDAQ,United_Online,
Q2504058,GOGL,NASDAQ,Golden_Ocean_Group,
Q2506396,VOXX,NASDAQ,Voxx_International,
Q297879,ASML,NASDAQ,ASML,ASML
Q2516971,VRTU,NASDAQ,Virtusa,
Q2559267,WEN,NASDAQ,The_Wendy's_Company,
Q2607502,ETFC,NASDAQ,E-Trade,ETFC
Q2743863,ISRG,NASDAQ,Intuitive_Surgical,ISRG
Q2744099,VRTX,NASDAQ,Vertex_Pharmaceuticals,VRTX
Q2747818,STRC,NASDAQ,Palladyne_AI,
Q2749364,FTNT,NASDAQ,Fortinet,FTNT
Q2759586,PZZA,NASDAQ,Papa_John's,
Q2814507,CRTO,NASDAQ,Criteo,
Q2826104,AFFX,NASDAQ,Affymetrix,
Q2843029,AMSC,NASDAQ,American_Superconductor,
Q2874395,CAR,NASDAQ,Avis_Budget_Group,
Q2895117,AUDC,NASDAQ,AudioCodes,
Q2895160,CYRN,NASDAQ,CYREN,
Q2901365,MBLY,NASDAQ,Mobileye,
Q2905359,BDE,NASDAQ,Black_Diamond_Equipment,
Q2907743,RDWR,NASDAQ,Radware,
Q2912154,PAY,NASDAQ,Verifone,
Q2899735,QADA,NASDAQ,QAD_Redzone,
Q2913953,BWAY,NASDAQ,Brainsway,
Q2916067,ALDN,NASDAQ,Aladdin_Knowledge_Systems,
Q2918112,ISRL,NASDAQ,Isramco,
Q2925856,BVSN,NASDAQ,Broadvision,
Q2939652,CKEC,NASDAQ,Carmike_Cinemas,
Q2940968,CASY,NASDAQ,Casey's,CASY
Q2943995,CLLS,NASDAQ,Cellectis,
Q2961234,CHTR,NASDAQ,Charter_Communications,CHTR
Q2962826,EXE,NASDAQ,Expand_Energy,EXE
Q2974454,FYBR,NASDAQ,Frontier_Communications,
Q2981857,CGNX,NASDAQ,Cognex_Corporation,
Q2982090,SKUL,NASDAQ,Skullcandy,
Q24890758,CRWD,NASDAQ,CrowdStrike,CRWD
Q24887050,NKLA,NASDAQ,Nikola_Corporation,
Q24896598,GIFI,NASDAQ,Gulf_Island_Fabrication,
Q24909030,CAN,NASDAQ,Canaan_Creative,
Q25100315,TGAN,NASDAQ,Transphorm,
Q25230554,VNET,NASDAQ,21Vianet,
Q25231005,GNUS,NASDAQ,Kartoon_Studios,
Q25245434,AERI,NASDAQ,Aerie_Pharmaceuticals,
Q25245312,RUSHA,NASDAQ,Rush_Enterprises,
Q25326524,MESO,NASDAQ,Mesoblast,
Q25831370,APPF,NASDAQ,AppFolio,
Q27150140,ABCB,NASDAQ,Ameris_Bancorp,
Q27963459,ATRO,NASDAQ,Astronics,
Q27963938,LTEA,NASDAQ,Long_Blockchain_Corp.,
Q27963938,LBCC,NASDAQ,Long_Blockchain_Corp.,
Q28027517,LCID,NASDAQ,Lucid_Motors,
Q2997279,CRGI,NASDAQ,Corgi_International,
Q3019129,DTEA,NASDAQ,DavidsTea,
Q25111982,HTBX,NASDAQ,Scorpius_Holdings,
Q9584,HMC,NYSE,Honda,
Q181114,C,NYSE,Chrysler,C
Q80978,HWP,NYSE,Hewlett-Packard,
Q464996,NT,NYSE,Nortel,
Q603253,SBL,NYSE,Symbol_Technologies,
Q691126,EDS,NYSE,Electronic_Data_Systems,
Q931233,CISN,NYSE,Cision,
Q908961,RDY,NYSE,Dr._Reddy's_Laboratories,
Q909356,CVD,NYSE,Fortrea,
Q910368,CLX,NYSE,Clorox,CLX
Q910866,HUM,NYSE,Humana,HUM
Q913851,HEW,NYSE,Aon_Hewitt,
Q915543,BGG,NYSE,Briggs_&_Stratton,
Q917131,RF,NYSE,Regions_Financial_Corporation,RF
Q917487,EAT,NYSE,Brinker_International,
Q21016487,WRK,NYSE,WestRock,
Q21021003,XHR,NYSE,Xenia_Hotels_&_Resorts,
Q21036456,HUBB,NYSE,Hubbell_Incorporated,HUBB
Q21072695,VSTO,NYSE,Vista_Outdoor,
Q21196367,BSM,NYSE,Black_Stone_Minerals,
Q21404084,HPQ,NYSE,HP_Inc.,HPQ
Q2483225,AHC,NYSE,DallasNews_Corporation,
Q2494842,ESAB,NYSE,ESAB,
Q2502355,USNA,NYSE,USANA_Health_Sciences,
Q8075320,ZUO,NYSE,Zuora,
Q8208082,ATTO,NYSE,Atento,
Q918206,ENI,NYSE,Enel_Américas,
Q918208,TX,NYSE,Ternium,
Q919120,WSH,NYSE,Willis_Group,
Q920037,JCP,NYSE,JCPenney,
Q921363,KND,NYSE,Kindred_Healthcare,
Q925249,FOX,NYSE,Fox_Entertainment_Group,FOX
Q930639,WMB,NYSE,Williams_Companies,WMB
Q930919,PEG,NYSE,Public_Service_Enterprise_Group,PEG
Q931032,KMI,NYSE,Kinder_Morgan,KMI
Q21639712,SBSW,NYSE,Sibanye-Stillwater,
Q22025568,SGY,NYSE,Stone_Energy_Corporation,
Q22026369,YETI,NYSE,Yeti_Holdings,
Q22074922,ESTC,NYSE,Elastic_NV,
Q22078063,SNOW,NYSE,Snowflake_Inc.,SNOW
Q22671405,BTG,NYSE,B2Gold,
Q22906645,MMP,NYSE,Magellan_Midstream_Partners,
Q22908338,RSKD,NYSE,Riskified,
Q22909604,VHI,NYSE,"Valhi,_Inc.",
Q23018189,AIN,NYSE,Albany_International,
Q23022611,FLUT,NYSE,Flutter_Entertainment,
Q23090931,OUT,NYSE,Outfront_Media,
Q23680081,PJT,NYSE,PJT_Partners,
Q24083464,BBLN,NYSE,Babylon_Health,
Q24110304,BPY,NYSE,Brookfield_Property_Partners,
Q24197334,COLD,NYSE,Americold,
Q24204272,BUR,NYSE,Burford_Capital,
Q24204582,ONDK,NYSE,OnDeck_Capital,
Q24204297,OSCR,NYSE,Oscar_Health,
Q24204493,VEEV,NYSE,Veeva_Systems,VEEV
Q24525746,BCE,NYSE,BCE_Inc.,
Q24834296,CHA,NYSE,China_Telecom,
Q24705550,BBUC,NYSE,Brookfield_Business_Corporation,
Q45600,BITS,NASDAQ,Bitstream_Inc.,
Q402788,ORBC,NASDAQ,Orbcomm,
Q407237,AFRAF,NASDAQ,Air_France–KLM,
Q80947821,STE,NYSE,Steris,STE
Q8273105,INGR,NYSE,Ingredion,
Q83768717,BKKT,NYSE,Bakkt,
Q85751038,CAVA,NYSE,Cava_Group,
Q85769855,INVH,NYSE,Invitation_Homes,INVH
Q85801645,SMAR,NYSE,Smartsheet_Inc.,
Q85884912,OCFT,NYSE,OneConnect_Financial_Technology,
Q89368734,RTX,NYSE,RTX_Corporation,RTX
Q8965165,BSMX,NYSE,Santander_México,
Q92639564,ARNC,NYSE,Arconic,ARNC
Q24908086,WPG,NYSE,Washington_Prime_Group,
Q24915031,ENV,NYSE,Envestnet,
Q24960003,NIC,NYSE,Nicolet_Bankshares,
Q25004808,DPLO,NYSE,Diplomat_Pharmacy,
Q25025312,TOST,NYSE,"Toast,_Inc.",
Q25048844,DT,NYSE,Dynatrace,
Q25104482,BLX,NYSE,Banco_Latinoamericano_de_Comercio_Exterior,
Q25104597,HWM,NYSE,Howmet_Aerospace,HWM
Q25103752,UMH,NYSE,UMH_Properties,
Q715583,COST,NASDAQ,Costco,COST
Q717093,ITOCY,NASDAQ,Itochu,
Q727883,NTAP,NASDAQ,NetApp,NTAP
Q407859,ATSG,NASDAQ,Air_Transport_International,
Q415598,AKAM,NASDAQ,Akamai_Technologies,AKAM
Q420597,CTEL,NASDAQ,City_Telecom_(Hong_Kong),
Q420506,WIX,NASDAQ,Wix.com,
Q733482,GPRO,NASDAQ,GoPro,
Q734338,VRSN,NASDAQ,Verisign,VRSN
Q426583,SANM,NASDAQ,Sanmina_Corporation,
Q431454,BRKR,NASDAQ,Bruker,
Q433896,ALTI,NASDAQ,Altairnano,
Q434017,ALTR,NASDAQ,Altair_Engineering,ALTR
Q452340,HSNI,NASDAQ,HSN,
Q456563,AMBC,NASDAQ,Ambac,
Q460446,DOX,NASDAQ,Amdocs,
Q463090,SWHC,NASDAQ,Smith_&_Wesson,
Q467752,VZ,NASDAQ,Verizon,VZ
Q7138046,PSTB,NASDAQ,Park_Sterling_Bank,
Q7156760,PCTY,NASDAQ,Paylocity,
Q7160600,PEGA,NASDAQ,Pegasystems,
Q7163201,PENN,NASDAQ,Penn_Entertainment,PENN
Q7165802,PBCT,NASDAQ,People's_United_Financial,PBCT
Q7168080,PWRD,NASDAQ,Perfect_World_(company),
Q734779,SCOR,NASDAQ,Comscore,
Q736091,AZPN,NASDAQ,Aspen_Technology,
Q738770,WDC,NASDAQ,Western_Digital,WDC
Q44294,F,NYSE,Ford_Motor_Company,F
Q73883753,AYX,NYSE,Alteryx,
Q7690075,TMHC,NYSE,Taylor_Morrison,
Q7695260,TRC,NYSE,Tejon_Ranch,
Q7696127,TDY,NYSE,Teledyne_Technologies,TDY
Q7696143,TFX,NYSE,Teleflex,TFX
Q7696488,TDS,NYSE,Telephone_and_Data_Systems,
Q7697923,TIXT,NYSE,Telus_Digital,
Q7707900,TPL,NYSE,Texas_Pacific_Land_Corporation,TPL
Q7727445,TCS,NYSE,The_Container_Store,
Q7738224,GBX,NYSE,The_Greenbrier_Companies,
Q7742790,SJM,NYSE,The_J.M._Smucker_Company,SJM
Q7752327,MOS,NYSE,The_Mosaic_Company,MOS
Q7761625,RSE,NYSE,The_Rouse_Company,
Q7772938,VSI,NYSE,The_Vitamin_Shoppe,
Q7786824,TNB,NYSE,Thomas_&_Betts,
Q7793308,TPGI,NYSE,Thomas_Properties_Group,
Q7795716,TC,NYSE,Thompson_Creek_Metals,
Q7796068,THO,NYSE,Thor_Industries,
Q7800873,TDW,NYSE,Tidewater_(marine_services),
Q7802889,TLYS,NYSE,Tillys,
Q7688650,TCO,NYSE,Taubman_Realty_Group,
Q248,INTC,NASDAQ,Intel,INTC
Q45700,KNM,NYSE,Konami,
Q26678,BMWYY,NASDAQ,BMW,
Q26989,INFY,NASDAQ,Infosys,
Q245772,ZNGA,NASDAQ,Zynga,
Q256598,RRMS,NASDAQ,SemGroup,
Q27065,GOGO,NASDAQ,Gogo_Inflight_Internet,
Q47099,TV,NYSE,Televisa,
Q259195,CEG,NASDAQ,Constellation_Energy,CEG
Q260833,SNDK,NASDAQ,Sandisk,SNDK
Q265176,HQCL,NASDAQ,Qcells,
Q265286,TRVG,NASDAQ,Trivago,
Q295774,ANSS,NASDAQ,Ansys,ANSS
Q267313,MCFE,NASDAQ,McAfee,
Q276345,TIGO,NASDAQ,Millicom,
Q282997,FOXF,NASDAQ,Fox_Factory,
Q285161,IRBT,NASDAQ,IRobot,
Q286214,AAON,NASDAQ,AAON,
Q289761,FDML,NASDAQ,Federal-Mogul,
Q296782,ARM,NASDAQ,Arm_Holdings,ARM
Q296782,ARMHY,NASDAQ,Arm_Holdings,
Q296782,ARMH,NASDAQ,Arm_Holdings,
Q430745,TDC,NYSE,Teradata,TDC
Q431757,VLRS,NYSE,Volaris,
Q444110,HIG,NYSE,The_Hartford,HIG
Q445007,MO,NYSE,Altria,MO
Q447403,AWC,NYSE,Alumina_Limited,
Q447855,ACH,NYSE,Aluminum_Corporation_of_China,
Q451476,BNS,NYSE,Scotiabank,
Q456563,AMBC,NYSE,Ambac,
Q458363,MPC,NYSE,Marathon_Petroleum,MPC
Q457960,VFC,NYSE,VF_Corporation,VFC
Q459477,FDX,NYSE,FedEx,FDX
Q460307,AMCR,NYSE,Amcor,AMCR
Q459965,CAT,NYSE,Caterpillar_Inc.,CAT
Q460446,DOX,NYSE,Amdocs,
Q461210,COL,NYSE,Rockwell_Collins,COL
Q462984,AEE,NYSE,Ameren,AEE
Q464092,AEP,NYSE,American_Electric_Power,AEP
Q464767,AM,NYSE,American_Greetings,
Q465751,CMG,NYSE,Chipotle_Mexican_Grill,CMG
Q467238,AWK,NYSE,American_Water_Works,AWK
Q467752,VZ,NYSE,Verizon,VZ
Q3996930,TOWR,NYSE,Tower_International,
Q3999691,TROX,NYSE,Tronox,
Q469553,TKR,NYSE,Timken_Company,
Q470156,COR,NYSE,Cencora,COR
Q470156,ABC,NYSE,Cencora,
Q470317,AME,NYSE,Ametek,AME
Q474621,APH,NYSE,Amphenol,APH
Q479167,SCS,NYSE,Steelcase,
Q4033665,ALK,NYSE,Alaska_Air_Group,ALK
Q4034815,BALL,NYSE,Ball_Corporation,BALL
Q4034815,BLL,NYSE,Ball_Corporation,
Q4035714,COG,NYSE,Coterra,
Q4035714,CTRA,NYSE,Coterra,CTRA
Q4041486,IN,NYSE,Intermec,
Q4045977,BEL,NYSE,Belmond_Limited,
Q4043693,MTW,NYSE,Manitowoc_Cranes,
Q4046987,PXD,NYSE,Pioneer_Natural_Resources,PXD
Q4048013,RRC,NYSE,Range_Resources,RRC
Q4112833,CAL,NYSE,Caleres,
Q4376955,TSG,NYSE,Sabre_Corporation,TSG
Q4411116,RUBI,NYSE,Magnite_Inc,
Q4465402,TUMI,NYSE,Tumi_Inc.,
Q4636301,DDD,NYSE,3D_Systems,
Q4643844,SVN,NYSE,7_Days_Inn,
Q4645515,EGHT,NYSE,8x8,
Q4646294,NDN,NYSE,99_Cents_Only_Stores,
Q4648219,AOS,NYSE,A._O._Smith,AOS
Q4649932,AIR,NYSE,AAR_Corp.,
Q4650338,ABM,NYSE,ABM_Industries,
Q4655171,EQH,NYSE,Equitable_Holdings,
Q4672868,RCM,NYSE,R1_RCM,
Q4677870,AYI,NYSE,Acuity_Brands,AYI
Q4677840,EPAC,NYSE,Enerpac_Tool_Group,
Q4680345,ADX,NYSE,Adams_Express_Company,
Q4686051,AAP,NYSE,Advance_Auto_Parts,AAP
Q4686414,AAV,NYSE,Advantage_Energy,
Q4687934,AER,NYSE,AerCap,
Q4688254,ARX,NYSE,Aeroflex,
Q4688284,HIVE,NYSE,Aerohive_Networks,
Q4698062,AL,NYSE,Air_Lease_Corporation,
Q4705296,ALP-Q,NYSE,Alabama_Power,
Q4718099,ALX,NYSE,Alexander's,
Q4732268,AB,NYSE,AllianceBernstein,
Q4742045,ACO,NYSE,Amcol_International_Corporation,
Q4743275,ACC,NYSE,American_Campus_Communities,
Q4743779,AFG,NYSE,American_Financial_Group,
Q4745263,AMT,NYSE,American_Tower,AMT
Q4744822,ARC,NYSE,ARC_Document_Solutions,
Q4748076,AP,NYSE,Ampco_Pittsburgh,
Q4748631,AMRE,NYSE,Amreit,
Q4748634,AXR,NYSE,Amrep_Corporation,
Q4748634,AXR,NYSE,Amrep_Corporation,
Q4751571,PLAN,NYSE,Anaplan,
Q4778915,NET,NYSE,Cloudflare,NET
Q4743120,AXL,NYSE,Dauch_Corporation,
Q95,GOOG,NASDAQ,Google,GOOG
Q95,GOOGL,NASDAQ,Google,GOOGL
Q41590812,APAM,NYSE,Artisan_Partners,
Q43452224,RYB,NYSE,RYB_Education,
Q47462183,IONQ,NYSE,IonQ,
Q47500199,ACB,NYSE,Aurora_Cannabis,
Q4781544,AIT,NYSE,Applied_Industrial_Technologies,
Q4789079,ARES,NYSE,Ares_Management,ARES
Q4792281,AAIC,NYSE,Arlington_Asset_Investment,
Q4799191,AJG,NYSE,Arthur_J._Gallagher_&_Co.,AJG
Q4803735,ABG,NYSE,Asbury_Automotive_Group,
Q4809155,ASB,NYSE,Associated_Banc-Corp,
Q4810399,AIZ,NYSE,Assurant,AIZ
Q931354,LB,NYSE,"Bath_&_Body_Works,_Inc.",
Q934853,MMI,NYSE,Motorola_Mobility,MMI
Q935059,TTC,NYSE,The_Toro_Company,
Q939816,MOV,NYSE,Movado,
Q940421,GATX,NYSE,GATX,
Q941127,CRM,NYSE,Salesforce,CRM
Q942471,TRV,NYSE,The_Travelers_Companies,TRV
Q941392,INFA,NYSE,Informatica,
Q945521,CEIX,NYSE,Consol_Energy,
Q945739,HMLP,NYSE,Leif_Höegh_&_Co,
Q946713,WFR,NYSE,SunEdison,
Q946713,SUNE,NYSE,SunEdison,
Q947718,RAI,NYSE,Reynolds_American,RAI
Q967265,KSS,NYSE,Kohl's,KSS
Q950380,CBS,NYSE,CBS_Corporation,
Q950380,CBSA,NYSE,CBS_Corporation,
Q951259,MUR,NYSE,Murphy_Oil,MUR
Q967868,NEE,NYSE,NextEra_Energy,NEE
Q994153,BC,NYSE,Brunswick_Corporation,BC
Q1023155,CDW,NASDAQ,CDW,CDW
Q1023876,CME,NASDAQ,CME_Group,CME
Q1024454,CSX,NASDAQ,CSX_Corporation,CSX
Q1032353,CSIQ,NASDAQ,Canadian_Solar,
Q1045842,CAKE,NASDAQ,The_Cheesecake_Factory,
Q1053787,CETV,NASDAQ,Central_European_Media_Enterprises,
Q998470,RELX,NYSE,RELX,
Q10382234,TWKS,NASDAQ,Thoughtworks,
Q10534742,IMMR,NASDAQ,Immersion_Corporation,
Q1055390,CERN,NASDAQ,Oracle_Health,CERN
Q1889100,PXED,NYSE,University_of_Phoenix,
Q2167391,GTW,NYSE,"Gateway,_Inc.",
Q25339988,VIA,NYSE,Via_Transportation,
Q54933259,JOBY,NYSE,Joby_Aviation,
Q93520415,SE,NYSE,Sea_Ltd,SE
Q96375437,AMR,NYSE,Alpha_Metallurgical_Resources,
Q96371983,AMPY,NYSE,Amplify_Energy,
Q96386259,KTB,NYSE,Kontoor_Brands,
Q96392042,MKFG,NYSE,Markforged,
Q12306354,C,NYSE,Chrysler_Corporation,C
Q2662418,ARD,NYSE,American_Research_&_Development_Corporation,
Q97439162,STLA,NYSE,Stellantis,
Q101606525,AUR,NASDAQ,Aurora_Innovation,
Q101983981,VTRS,NASDAQ,Viatris,VTRS
Q104480207,CRSP,NASDAQ,CRISPR_Therapeutics,
Q104765127,RUM,NASDAQ,Rumble_(company),
Q96407440,TAL,NYSE,TAL_Education_Group,
Q96418958,MLR,NYSE,Miller_Industries,
Q97188497,PACK,NYSE,Ranpak,
Q97359908,PRSP,NYSE,Perspecta_Inc.,
Q97574745,OUST,NYSE,Ouster_(company),
Q98055133,NOVA,NYSE,Sunnova,
Q98704372,GSX,NYSE,Gaotu_Techedu,
Q104081972,AI,NASDAQ,C3_AI,
Q96419113,OR,NYSE,OR_Royalties,
Q104868523,NIU,NASDAQ,Niu_Technologies,
Q105062637,IDEX,NASDAQ,Ideanomics,
Q105751519,TDUP,NASDAQ,ThredUp,
Q106207298,OSH,NYSE,Oak_Street_Health,
Q117706368,CP,NYSE,Canadian_Pacific_Kansas_City,
Q127324768,FUN,NYSE,Six_Flags,
Q130326112,K,NYSE,Kellogg's,K
Q136959566,HVE,NYSE,High_Voltage_Engineering_Corporation,
Q94933,TTWO,NASDAQ,Take-Two_Interactive,TTWO
Q864338,BIIB,NASDAQ,Biogen,BIIB
Q891163,BOJA,NASDAQ,Bojangles_(restaurant),
Q899010,MYL,NASDAQ,Mylan,
Q901262,GRFS,NASDAQ,Grifols,
Q923062,QLIK,NASDAQ,Qlik,
Q905086,HSIC,NASDAQ,Henry_Schein,HSIC
Q905049,SHPG,NASDAQ,Shire_(pharmaceutical_company),
Q916196,CTXS,NASDAQ,Citrix_Systems,CTXS
Q917002,TIVO,NASDAQ,TiVo_Corporation,
Q919300,AVAV,NASDAQ,AeroVironment,
Q919511,ELNK,NASDAQ,EarthLink,
Q926699,CROX,NASDAQ,Crocs,
Q926806,CG,NASDAQ,The_Carlyle_Group,
Q938668,WB,NASDAQ,Sina_Corporation,WB
Q938668,SINA,NASDAQ,Sina_Corporation,
Q931200,CHRW,NASDAQ,C._H._Robinson,CHRW
Q946080,PAYX,NASDAQ,Paychex,PAYX
Q963809,PLCM,NASDAQ,Poly_Inc.,
Q965133,SOHU,NASDAQ,Sohu,
Q965133,CYOU,NASDAQ,Sohu,
Q950419,MELI,NASDAQ,MercadoLibre,
Q995863,BROD,NASDAQ,Broderbund,
Q966556,SHLD,NASDAQ,Sears_Holdings,
Q970695,NTRS,NASDAQ,Northern_Trust,NTRS
Q979690,NTGR,NASDAQ,Netgear,
Q999567,LLTC,NASDAQ,Linear_Technology,LLTC
Q974846,IAC,NASDAQ,People_Incorporated,
Q91387266,LIND,NASDAQ,Lindblad_Expeditions,
Q94758727,CFLT,NASDAQ,Confluent,
Q17514215,VCSA,NASDAQ,Vacasa,
Q18394708,WLTH,NASDAQ,Wealthfront,
Q3485048,SVA,NASDAQ,Sinovac_Biotech,
Q39055049,NAVN,NASDAQ,"Navan,_Inc.",
Q47120756,YNDX,NASDAQ,Nebius_Group,
Q85846831,OCFC,NASDAQ,OceanFirst_Bank,
Q86681792,RIDE,NASDAQ,Nu_Ride_Inc.,
Q9013416,HKTV,NASDAQ,Hong_Kong_Technology_Venture,
Q91360366,FRGI,NASDAQ,Fiesta_Restaurant_Group,
Q9294032,HOTT,NASDAQ,Hot_Topic,
Q96145483,PLTK,NASDAQ,Playtika,
Q96186528,XP,NASDAQ,XP_Inc.,
Q96378897,FUTU,NASDAQ,Futu,
Q96379626,GOCO,NASDAQ,GoHealth,
Q104875961,GRAL,NASDAQ,Grail_(company),
Q107657476,PTON,NASDAQ,Proteon,
Q126325758,XOS,NASDAQ,"Xos,_Inc.",
Q135832869,VSNT,NASDAQ,Versant,
Q96394302,MULN,NASDAQ,Mullen_Automotive,
Q96397546,OPEN,NASDAQ,Opendoor,
Q96419376,SOND,NASDAQ,Sonder_(company),
Q96413806,VERI,NASDAQ,Veritone,
Q98139925,LI,NASDAQ,Li_Auto,
Q98713358,ARCT,NASDAQ,Arcturus_Therapeutics,
Q99036143,QS,NASDAQ,QuantumScape,
Q99482082,GOEV,NASDAQ,Canoo,
Q136659556,USAR,NASDAQ,USA_Rare_Earth,
Q136656600,TONE,NASDAQ,TierOne_Bank,
Q136815592,HTDL,NASDAQ,Heartland_Express,
Q137009694,MRTN,NASDAQ,Marten_Transport,
Q96575974,XONE,NASDAQ,ExOne,
Q112583437,SERV,NASDAQ,Serve_Robotics,
